[
    {
        "model": "contenttypes.contenttype",
        "pk": 1,
        "fields": {
            "app_label": "admin",
            "model": "logentry"
        }
    },
    {
        "model": "contenttypes.contenttype",
        "pk": 2,
        "fields": {
            "app_label": "auth",
            "model": "permission"
        }
    },
    {
        "model": "contenttypes.contenttype",
        "pk": 3,
        "fields": {
            "app_label": "auth",
            "model": "group"
        }
    },
    {
        "model": "contenttypes.contenttype",
        "pk": 4,
        "fields": {
            "app_label": "auth",
            "model": "user"
        }
    },
    {
        "model": "contenttypes.contenttype",
        "pk": 5,
        "fields": {
            "app_label": "contenttypes",
            "model": "contenttype"
        }
    },
    {
        "model": "contenttypes.contenttype",
        "pk": 6,
        "fields": {
            "app_label": "sessions",
            "model": "session"
        }
    },
    {
        "model": "contenttypes.contenttype",
        "pk": 7,
        "fields": {
            "app_label": "rental",
            "model": "guest"
        }
    },
    {
        "model": "contenttypes.contenttype",
        "pk": 8,
        "fields": {
            "app_label": "rental",
            "model": "place"
        }
    },
    {
        "model": "contenttypes.contenttype",
        "pk": 9,
        "fields": {
            "app_label": "rental",
            "model": "reservation"
        }
    },
    {
        "model": "contenttypes.contenttype",
        "pk": 10,
        "fields": {
            "app_label": "rental",
            "model": "testimonial"
        }
    },
    {
        "model": "contenttypes.contenttype",
        "pk": 11,
        "fields": {
            "app_label": "sites",
            "model": "site"
        }
    },
    {
        "model": "contenttypes.contenttype",
        "pk": 12,
        "fields": {
            "app_label": "flatpages",
            "model": "flatpage"
        }
    },
    {
        "model": "contenttypes.contenttype",
        "pk": 13,
        "fields": {
            "app_label": "rental",
            "model": "image"
        }
    },
    {
        "model": "sessions.session",
        "pk": "1r44csdyewb0boocembq7t5ki79vpzt8",
        "fields": {
            "session_data": "NzhmMTE3YWExMjExY2FjZDI4NDI4MmQxNDI1MjQwYzViZjczM2Q3Mjp7Il9hdXRoX3VzZXJfaWQiOiIyIiwiX2F1dGhfdXNlcl9iYWNrZW5kIjoiZGphbmdvLmNvbnRyaWIuYXV0aC5iYWNrZW5kcy5Nb2RlbEJhY2tlbmQiLCJfYXV0aF91c2VyX2hhc2giOiI1NTkwY2NlZjM1YzFhNDhiNjE4ZGJiNWI3YjZkZWUwZjFmYjU0NjYyIn0=",
            "expire_date": "2020-01-16T17:09:55.157Z"
        }
    },
    {
        "model": "sessions.session",
        "pk": "5kwgp6mr5umgt78man1s629lokcyagcp",
        "fields": {
            "session_data": "YjEwNmVhMzBlZTI5NDhiMWQyZDQ4YjkxZjFjMDQ0NWU2ZDc1NjkzZjp7Il9hdXRoX3VzZXJfaWQiOiIxIiwiX2F1dGhfdXNlcl9iYWNrZW5kIjoiZGphbmdvLmNvbnRyaWIuYXV0aC5iYWNrZW5kcy5Nb2RlbEJhY2tlbmQiLCJfYXV0aF91c2VyX2hhc2giOiJhZjNhMTFhZWVmY2ViNjFiMGZjYjZhOGU1Yzg2NjBjMzA3MTAwZmQwIn0=",
            "expire_date": "2019-12-17T12:22:52.854Z"
        }
    },
    {
        "model": "sessions.session",
        "pk": "cfdjrvyssfllbjdxeep6a6ceyfia1ils",
        "fields": {
            "session_data": "YjEwNmVhMzBlZTI5NDhiMWQyZDQ4YjkxZjFjMDQ0NWU2ZDc1NjkzZjp7Il9hdXRoX3VzZXJfaWQiOiIxIiwiX2F1dGhfdXNlcl9iYWNrZW5kIjoiZGphbmdvLmNvbnRyaWIuYXV0aC5iYWNrZW5kcy5Nb2RlbEJhY2tlbmQiLCJfYXV0aF91c2VyX2hhc2giOiJhZjNhMTFhZWVmY2ViNjFiMGZjYjZhOGU1Yzg2NjBjMzA3MTAwZmQwIn0=",
            "expire_date": "2019-11-20T15:35:48.543Z"
        }
    },
    {
        "model": "sessions.session",
        "pk": "k5kiomj14jlmtya86f4ccv06q9kuduyv",
        "fields": {
            "session_data": "NzhmMTE3YWExMjExY2FjZDI4NDI4MmQxNDI1MjQwYzViZjczM2Q3Mjp7Il9hdXRoX3VzZXJfaWQiOiIyIiwiX2F1dGhfdXNlcl9iYWNrZW5kIjoiZGphbmdvLmNvbnRyaWIuYXV0aC5iYWNrZW5kcy5Nb2RlbEJhY2tlbmQiLCJfYXV0aF91c2VyX2hhc2giOiI1NTkwY2NlZjM1YzFhNDhiNjE4ZGJiNWI3YjZkZWUwZjFmYjU0NjYyIn0=",
            "expire_date": "2019-12-29T07:51:13.770Z"
        }
    },
    {
        "model": "sessions.session",
        "pk": "v9w10z63mcilrzwa1asqd6fq4sdhoula",
        "fields": {
            "session_data": "NzhmMTE3YWExMjExY2FjZDI4NDI4MmQxNDI1MjQwYzViZjczM2Q3Mjp7Il9hdXRoX3VzZXJfaWQiOiIyIiwiX2F1dGhfdXNlcl9iYWNrZW5kIjoiZGphbmdvLmNvbnRyaWIuYXV0aC5iYWNrZW5kcy5Nb2RlbEJhY2tlbmQiLCJfYXV0aF91c2VyX2hhc2giOiI1NTkwY2NlZjM1YzFhNDhiNjE4ZGJiNWI3YjZkZWUwZjFmYjU0NjYyIn0=",
            "expire_date": "2019-12-23T17:27:03.312Z"
        }
    },
    {
        "model": "rental.image",
        "pk": 1,
        "fields": {
            "img": "img/villafleurie_t2_salon_1_wl81yXI.jpg",
            "alt": "villafleurie T2 salon"
        }
    },
    {
        "model": "rental.image",
        "pk": 2,
        "fields": {
            "img": "img/villafleurie_t2_salon_2.jpg",
            "alt": "vvillafleurie T2 salon"
        }
    },
    {
        "model": "rental.image",
        "pk": 3,
        "fields": {
            "img": "img/villafleurie_t2_salle_de_bain.jpg",
            "alt": "villafleurie T2 salle de bain"
        }
    },
    {
        "model": "rental.image",
        "pk": 4,
        "fields": {
            "img": "img/villafleurie_t2_chambre.jpg",
            "alt": "villafleurie T2 chambre"
        }
    },
    {
        "model": "rental.image",
        "pk": 5,
        "fields": {
            "img": "img/villafleurie_t2_chambre_2.jpg",
            "alt": "villafleurie T2 chambre"
        }
    },
    {
        "model": "rental.image",
        "pk": 6,
        "fields": {
            "img": "img/villafleurie_t2_cuisine.jpg",
            "alt": "villafleurie T2 cuisine"
        }
    },
    {
        "model": "rental.image",
        "pk": 7,
        "fields": {
            "img": "img/villafleurie_t2_terrasse.jpg",
            "alt": "villafleurie T2 terrasse"
        }
    },
    {
        "model": "rental.image",
        "pk": 8,
        "fields": {
            "img": "img/villafleurie_t3_salon.jpg",
            "alt": "villafleurie T3 salon"
        }
    },
    {
        "model": "rental.image",
        "pk": 9,
        "fields": {
            "img": "img/villafleurie_t3_cuisine.jpg",
            "alt": "villafleurie T3 cuisine"
        }
    },
    {
        "model": "rental.image",
        "pk": 10,
        "fields": {
            "img": "img/villafleurie_t3_chambre.jpg",
            "alt": "villafleurie T3 chambre"
        }
    },
    {
        "model": "rental.place",
        "pk": 1,
        "fields": {
            "name": "T2",
            "description": "<strong>R\u00e9servez</strong> votre s\u00e9jour au coeur de la station baln\u00e9aire du Gosier \u00e0 deux pas des plages \u00e0 un tarif sympa : <strong><a href=\"#reservation\"> \u00e0 partir de 50 \u20ac</a>.</strong></p>\r\n\r\n<p style=\"text-align: justify;\">Nous vous proposons ce <strong>cosy T2</strong>\u00a0pour <strong>1 \u00e0 2 personnes (et 1 b\u00e9b\u00e9)</strong>. Il est id\u00e9alement situ\u00e9 dans le bourg du Gosier. Ainsi profitez des <strong>plages et activit\u00e9s</strong> de la dynamique et chaleureuse ville du Gosier tout en b\u00e9n\u00e9ficiant du <strong>calme</strong> n\u00e9cessaire \u00e0 vos s\u00e9ances de <i>farniente.</i></p>\r\n\r\n<p style=\"text-align: justify;\"><strong>Excellent rapport qualit\u00e9/prix</strong> et une situation g\u00e9ographique qui convient parfaitement aux <strong>s\u00e9jours touristiques et d\u2019affaires</strong>.\r\n<br />Possibilit\u00e9 de location mensuelle de moins de 4 mois \u00e0<strong> tarifs d\u00e9gressifs</strong>. \r\n<br/><a href=\"#tarifs\">Voir tarifs ci-dessous.</a></p>\r\n\r\n<p style=\"text-align: justify;\">Le T2 est dot\u00e9 d\u2019une place de <strong>parking priv\u00e9</strong>, une terrasse avec stores et d\u2019un coin jardin. Il est naturellement ventil\u00e9 et profite d'un ensoleillement continu du matin au soir.</p>\r\n\r\n<div class=\"row section-t3\">\r\n                <div class=\"col-sm-12\">\r\n                  <div class=\"title-box-d\">\r\n                    <h3 class=\"title-d\">\u00c9quipements</h3>\r\n                  </div>\r\n                </div>\r\n              </div>\r\n              <div class=\"amenities-list color-text-a\">\r\n                <ul class=\"list-a no-margin\">\r\n                  <li>Climatisation (silencieuse)</li>\r\n                  <li>Lit double dans la chambre</li>\r\n                  <li>Confortable canap\u00e9-lit dans le salon</li>\r\n                  <li>Lit parapluie disponible pour un b\u00e9b\u00e9 (sur demande)</li>\r\n                  <li>Cuisine \u00e9quip\u00e9e avec table \u00e0 manger, gazini\u00e8re, micro-onde, bouilloire, r\u00e9frig\u00e9rateur et vaisselle fournie</li>\r\n                  <li>Salle de douche et WC ind\u00e9pendants</li>\r\n                  <li>Parking</li>\r\n                  <li>Draps et serviettes de bain (selon dur\u00e9e du s\u00e9jour)</li>\r\n                  <li>Fer et table \u00e0 repasser</li>\r\n                  <li>TV par satellite</li>\r\n                  <li>Internet via WIFI</li>\r\n                </ul>\r\n              </div>",
            "info": "<div class=\"row section-t3\">\r\n                <div class=\"col-sm-12\">\r\n                  <div class=\"title-box-d\">\r\n                    <h3 class=\"title-d\">Tarifs</h3>\r\n                  </div>\r\n                </div>\r\n              </div>\r\n              <div class=\"amenities-list color-text-a\">\r\n                <ul class=\"list-b no-margin\">\r\n                  <li>55 \u20ac la nuit</li>\r\n                  <li>350 \u20ac la semaine (au lieu de 385 \u20ac)</li>\r\n                  <li>645 \u20ac pour 2 semaines (au lieu de 825 \u20ac)</li>\r\n                  <li>960 \u20ac le mois (au lieu de 1650 \u20ac)</li>\r\n                </ul>\r\n              </div>\r\n\r\n<p>Vous \u00eates int\u00e9ress\u00e9s ? V\u00e9rifiez les disponibilit\u00e9s ci-contre.\u00a0\u00a0<strong><a href=\"#reservation\">R\u00e9servez maintenant !</a></strong></p>\r\n<p>*<em>Les tarifs ci-dessus concernent une r\u00e9servation pour <strong>2 personnes</strong>. Pr\u00e9voir un co\u00fbt additionnel de <strong>15 \u20ac par personnes</strong> au-del\u00e0 de 2 personnes.\u00a0 Les enfants b\u00e9n\u00e9ficient d'un tarif pr\u00e9f\u00e9rentiel, <strong>10 \u20ac</strong> seulement par <strong>enfant de moins de 10 ans</strong>\u00a0et <strong>5 \u20ac</strong> pour les b\u00e9b\u00e9s de <strong>moins de 3 ans</strong>.</em></p>\r\n<p style=\"text-align: center;\">Besoin de <strong>plus d'espace</strong> ? Nous avons \u00e9galement un <strong><a href=\"/T3/\">T3</a></strong> \u00e0 votre disposition !</p>",
            "subname": "Corail",
            "tagline": "Envie d'un petit cocon ?",
            "price": "50.00",
            "surface": 65,
            "beds": 1,
            "max_occupation": 2,
            "thumbnail": 1,
            "calendar": "https://calendar.google.com/calendar/embed?height=600&amp;wkst=2&amp;bgcolor=%23ffffff&amp;ctz=America%2FMartinique&amp;src=YnVyaWs3YWNsdmhjN3ZzYm9oMDZjMTc5dW9AZ3JvdXAuY2FsZW5kYXIuZ29vZ2xlLmNvbQ&amp;color=%23DD4477&amp;showTitle=0&amp;showCalendars=0&amp;showTabs=1&amp;showPrint=0&amp;showDate=1&amp;showNav=1",
            "images": [
                1,
                2,
                3,
                4,
                5,
                6,
                7
            ]
        }
    },
    {
        "model": "rental.place",
        "pk": 2,
        "fields": {
            "name": "T3",
            "description": "<strong>R\u00e9servez</strong> votre s\u00e9jour au coeur de la station baln\u00e9aire du Gosier \u00e0 deux pas des plages \u00e0 un tarif sympa : <strong>\u00e0 partir de <a href=\"#reservation\">60 \u20ac</a>.</strong></p>\r\n\r\n<p style=\"text-align: justify;\">Nous vous proposons ce <strong>spacieux T3</strong> pour <strong>1 \u00e0 4 personnes</strong>. Il est id\u00e9alement situ\u00e9 dans le bourg du Gosier. Ainsi profitez des <strong>plages et activit\u00e9s</strong> de la dynamique et chaleureuse ville du Gosier tout en b\u00e9n\u00e9ficiant du <strong>calme</strong> n\u00e9cessaire \u00e0 vos s\u00e9ances de <i>farniente.</i></p>\r\n\r\n<p style=\"text-align: justify;\"><strong>Excellent rapport qualit\u00e9/prix</strong> et une situation g\u00e9ographique qui convient parfaitement aux <strong>s\u00e9jours touristiques et d\u2019affaires</strong>.\r\n<br />Possibilit\u00e9 de location mensuelle de moins de 4 mois \u00e0<strong> tarifs d\u00e9gressifs</strong>. \r\n<br/><a href=\"#tarifs\">Voir tarifs ci-dessous.</a></p>\r\n\r\n<p style=\"text-align: justify;\">Le T3 est dot\u00e9 d\u2019une place de <strong>parking priv\u00e9</strong>, une terrasse avec stores et d\u2019un coin jardin. Il est naturellement ventil\u00e9 et profite d'un ensoleillement continu du matin au soir.</p>\r\n\r\n<div class=\"row section-t3\">\r\n                <div class=\"col-sm-12\">\r\n                  <div class=\"title-box-d\">\r\n                    <h3 class=\"title-d\">\u00c9quipements</h3>\r\n                  </div>\r\n                </div>\r\n              </div>\r\n              <div class=\"amenities-list color-text-a\">\r\n                <ul class=\"list-a no-margin\">\r\n                  <li>Climatisation (silencieuse)</li>\r\n                  <li>Lit double dans chacune des chambres</li>\r\n                  <li>Confortable canap\u00e9-lit dans le salon</li>\r\n                  <li>Lit parapluie disponible pour un b\u00e9b\u00e9 (sur demande)</li>\r\n                  <li>Bureau dans une chambre</li>\r\n                  <li>Cuisine \u00e9quip\u00e9e avec table \u00e0 manger, gazini\u00e8re, micro-onde, bouilloire, r\u00e9frig\u00e9rateur et vaisselle fournie</li>\r\n                  <li>Salle de douche et WC ind\u00e9pendants</li>\r\n                  <li>Parking</li>\r\n                  <li>Draps et serviettes de bain (selon dur\u00e9e du s\u00e9jour)</li>\r\n                  <li>Fer et table \u00e0 repasser</li>\r\n                  <li>TV par satellite</li>\r\n                  <li>Internet via WIFI</li>\r\n                </ul>\r\n              </div>",
            "info": "<div class=\"row section-t3\">\r\n                <div class=\"col-sm-12\">\r\n                  <div class=\"title-box-d\">\r\n                    <h3 class=\"title-d\">Tarifs</h3>\r\n                  </div>\r\n                </div>\r\n              </div>\r\n              <div class=\"amenities-list color-text-a\">\r\n                <ul class=\"list-b no-margin\">\r\n                  <li>60 \u20ac la nuit</li>\r\n<li>385 \u20ac la semaine (au lieu de 420 \u20ac)</li>\r\n<li>705 \u20ac pour 2 semaines (au lieu de 900 \u20ac)</li>\r\n<li>1050 \u20ac le mois (au lieu de 1800 \u20ac)</li>\r\n                </ul>\r\n              </div>\r\n\r\n<p>Vous \u00eates int\u00e9ress\u00e9s ? V\u00e9rifiez les disponibilit\u00e9s ci-contre.\u00a0\u00a0<strong><a href=\"#reservation\">R\u00e9servez maintenant !</a></strong></p>\r\n<p><em>La l\u00e9gislation nous impose de collecter des frais de s\u00e9jour s'\u00e9levant \u00e0 1,5 \u20ac par personne et par jour.</em></p>\r\n<p>*<em>Les tarifs ci-dessus concernent une r\u00e9servation pour <strong>2 personnes</strong>. Pr\u00e9voir un co\u00fbt additionnel de <strong>15 \u20ac par personnes</strong> au-del\u00e0 de 2 personnes.\u00a0 Les enfants b\u00e9n\u00e9ficient d'un tarif pr\u00e9f\u00e9rentiel, </em><em><strong>10 \u20ac</strong> seulement par <strong>enfant de moins de 10 ans</strong>\u00a0et <strong>5 \u20ac</strong> pour les b\u00e9b\u00e9s de <strong>moins de 3 ans</strong></em></p>\r\n<p>\u00a0</p>\r\n<p style=\"text-align: center;\">\u00c0 la recherche d'un\u00a0<strong>petit nid douillet</strong> ? Nous avons \u00e9galement un <strong><a href=\"/T2/\">T2</a> </strong>\u00e0 votre disposition !</p>",
            "subname": "Azur",
            "tagline": "Besoin de plus d\u2019espace ?",
            "price": "60.00",
            "surface": 65,
            "beds": 2,
            "max_occupation": 4,
            "thumbnail": 10,
            "calendar": "https://calendar.google.com/calendar/embed?height=600&amp;wkst=2&amp;bgcolor=%23ffffff&amp;ctz=America%2FMartinique&amp;showTitle=0&amp;showCalendars=0&amp;showTabs=1&amp;showPrint=0&amp;showDate=1&amp;showNav=1&amp;src=ZnU3aDMwcDBnazRhMnA0bnZvN25zYmdwb2tAZ3JvdXAuY2FsZW5kYXIuZ29vZ2xlLmNvbQ&amp;color=%233366CC",
            "images": [
                3,
                6,
                7,
                8,
                9,
                10
            ]
        }
    },
    {
        "model": "rental.guest",
        "pk": 203,
        "fields": {
            "name": "Ferm\u00e9",
            "email": "",
            "phone": ""
        }
    },
    {
        "model": "rental.guest",
        "pk": 204,
        "fields": {
            "name": "Marisa Ryan",
            "email": "",
            "phone": ""
        }
    },
    {
        "model": "rental.guest",
        "pk": 205,
        "fields": {
            "name": "Igor Semenov",
            "email": "",
            "phone": ""
        }
    },
    {
        "model": "rental.guest",
        "pk": 206,
        "fields": {
            "name": "Andrei KOLPAKCHI",
            "email": "",
            "phone": ""
        }
    },
    {
        "model": "rental.guest",
        "pk": 207,
        "fields": {
            "name": "Teresa Nuzzi",
            "email": "",
            "phone": ""
        }
    },
    {
        "model": "rental.guest",
        "pk": 208,
        "fields": {
            "name": "Le Corre",
            "email": "",
            "phone": ""
        }
    },
    {
        "model": "rental.guest",
        "pk": 209,
        "fields": {
            "name": "VillaFleurie ferm\u00e9e",
            "email": "",
            "phone": ""
        }
    },
    {
        "model": "rental.guest",
        "pk": 210,
        "fields": {
            "name": "Rimma RYBARIKOVA",
            "email": "",
            "phone": ""
        }
    },
    {
        "model": "rental.guest",
        "pk": 211,
        "fields": {
            "name": "J-F TERRAL",
            "email": "",
            "phone": ""
        }
    },
    {
        "model": "rental.guest",
        "pk": 212,
        "fields": {
            "name": "Marie Christine Demontmarin",
            "email": "",
            "phone": ""
        }
    },
    {
        "model": "rental.guest",
        "pk": 213,
        "fields": {
            "name": "Nathalie DURAND",
            "email": "",
            "phone": ""
        }
    },
    {
        "model": "rental.guest",
        "pk": 214,
        "fields": {
            "name": "David Nieto Lopez",
            "email": "",
            "phone": ""
        }
    },
    {
        "model": "rental.guest",
        "pk": 215,
        "fields": {
            "name": "Felicelice Gerardo Catapano",
            "email": "",
            "phone": ""
        }
    },
    {
        "model": "rental.guest",
        "pk": 216,
        "fields": {
            "name": "Sandra FRAN\u00c7OIS",
            "email": "",
            "phone": ""
        }
    },
    {
        "model": "rental.guest",
        "pk": 217,
        "fields": {
            "name": "Sylvie Guerinel",
            "email": "",
            "phone": ""
        }
    },
    {
        "model": "rental.guest",
        "pk": 218,
        "fields": {
            "name": "Roger TURTON",
            "email": "",
            "phone": ""
        }
    },
    {
        "model": "rental.guest",
        "pk": 219,
        "fields": {
            "name": "Nancy BERGMANN",
            "email": "",
            "phone": ""
        }
    },
    {
        "model": "rental.reservation",
        "pk": 231,
        "fields": {
            "place": 1,
            "guest": 203,
            "message": "",
            "start": "2019-12-13",
            "end": "2019-12-16",
            "price": "150.00"
        }
    },
    {
        "model": "rental.reservation",
        "pk": 232,
        "fields": {
            "place": 1,
            "guest": 204,
            "message": "",
            "start": "2019-12-21",
            "end": "2019-12-23",
            "price": "100.00"
        }
    },
    {
        "model": "rental.reservation",
        "pk": 233,
        "fields": {
            "place": 1,
            "guest": 205,
            "message": "",
            "start": "2019-12-24",
            "end": "2019-12-31",
            "price": "350.00"
        }
    },
    {
        "model": "rental.reservation",
        "pk": 234,
        "fields": {
            "place": 1,
            "guest": 206,
            "message": "",
            "start": "2020-01-01",
            "end": "2020-01-03",
            "price": "100.00"
        }
    },
    {
        "model": "rental.reservation",
        "pk": 235,
        "fields": {
            "place": 1,
            "guest": 207,
            "message": "",
            "start": "2020-01-03",
            "end": "2020-01-07",
            "price": "200.00"
        }
    },
    {
        "model": "rental.reservation",
        "pk": 236,
        "fields": {
            "place": 1,
            "guest": 208,
            "message": "",
            "start": "2020-01-08",
            "end": "2020-03-27",
            "price": "3950.00"
        }
    },
    {
        "model": "rental.reservation",
        "pk": 237,
        "fields": {
            "place": 1,
            "guest": 209,
            "message": "",
            "start": "2020-07-01",
            "end": "2020-08-12",
            "price": "2100.00"
        }
    },
    {
        "model": "rental.reservation",
        "pk": 240,
        "fields": {
            "place": 2,
            "guest": 210,
            "message": "",
            "start": "2020-01-03",
            "end": "2020-01-06",
            "price": "180.00"
        }
    },
    {
        "model": "rental.reservation",
        "pk": 241,
        "fields": {
            "place": 2,
            "guest": 211,
            "message": "",
            "start": "2020-01-17",
            "end": "2020-01-29",
            "price": "720.00"
        }
    },
    {
        "model": "rental.reservation",
        "pk": 242,
        "fields": {
            "place": 2,
            "guest": 212,
            "message": "",
            "start": "2020-01-31",
            "end": "2020-02-03",
            "price": "180.00"
        }
    },
    {
        "model": "rental.reservation",
        "pk": 243,
        "fields": {
            "place": 2,
            "guest": 213,
            "message": "",
            "start": "2020-02-04",
            "end": "2020-02-06",
            "price": "120.00"
        }
    },
    {
        "model": "rental.reservation",
        "pk": 244,
        "fields": {
            "place": 2,
            "guest": 214,
            "message": "",
            "start": "2020-02-18",
            "end": "2020-02-20",
            "price": "120.00"
        }
    },
    {
        "model": "rental.reservation",
        "pk": 245,
        "fields": {
            "place": 2,
            "guest": 215,
            "message": "",
            "start": "2020-02-20",
            "end": "2020-02-22",
            "price": "120.00"
        }
    },
    {
        "model": "rental.reservation",
        "pk": 246,
        "fields": {
            "place": 2,
            "guest": 216,
            "message": "",
            "start": "2020-02-23",
            "end": "2020-02-27",
            "price": "240.00"
        }
    },
    {
        "model": "rental.reservation",
        "pk": 247,
        "fields": {
            "place": 2,
            "guest": 217,
            "message": "",
            "start": "2020-03-04",
            "end": "2020-03-06",
            "price": "120.00"
        }
    },
    {
        "model": "rental.reservation",
        "pk": 248,
        "fields": {
            "place": 2,
            "guest": 218,
            "message": "",
            "start": "2020-03-09",
            "end": "2020-03-13",
            "price": "240.00"
        }
    },
    {
        "model": "rental.reservation",
        "pk": 249,
        "fields": {
            "place": 2,
            "guest": 219,
            "message": "",
            "start": "2020-04-03",
            "end": "2020-04-05",
            "price": "120.00"
        }
    },
    {
        "model": "rental.testimonial",
        "pk": 1,
        "fields": {
            "author": "Nell",
            "text": "Nilka and her family ensured we had an amazing stay, picking us up from the airport and dropping us off, giving us tips and ideas of things to do, helping us with everything we needed. The place is light filled, spacious, clean, and all the amenities worked well. The location is great, anything you could need within Le Gosier is within a ten minute walk including shops, a supermarket, a park, the beach, restaurants, bars, and more. If you want to go further, there is a bus stop literally at the top of the street, where you can get to Pointe-\u00e0-Pitre within 20 minutes, and many other places very easily. We had a lovely time!",
            "picture": "img/b871ce71-2e80-4da1-be7c-b1d5a1374cef.jpg",
            "link": "https://docs.djangoproject.com/fr/2.2/ref/models/fields/#urlfield",
            "guest": null,
            "reservation": null
        }
    },
    {
        "model": "rental.testimonial",
        "pk": 2,
        "fields": {
            "author": "Laurence",
            "text": "Location tr\u00e8s agr\u00e9able et bien \u00e9quip\u00e9e au Gosier. Notre s\u00e9jour n\u2019a dur\u00e9 qu\u2019une nuit mais nous avons pu appr\u00e9cier la gentillesse et la disponibilit\u00e9 de nos h\u00f4tes. Nous avons aussi beaucoup appr\u00e9ci\u00e9 les transferts depuis l\u2019a\u00e9roport et vers la gare maritime qu\u2019ils nous ont propos\u00e9 cela nous a rendu un grand service ! Merci aussi pour toutes les explications !",
            "picture": "img/original.jpg",
            "link": null,
            "guest": null,
            "reservation": null
        }
    },
    {
        "model": "rental.testimonial",
        "pk": 3,
        "fields": {
            "author": "Thomas",
            "text": "Superbe s\u00e9jour chez Jacques et H\u00e9l\u00e8ne, emplacement au top pr\u00e8s des commerces et de la plage de la Datcha (10 grosses minutes \u00e0 pied). A noter la pr\u00e9sence d\u2019un lit parapluie et d\u2019une chaise pour b\u00e9b\u00e9 ce qui est un sacr\u00e9 plus !",
            "picture": "img/a8cb2ffc-451e-4444-a60b-d8f35668873b.jpg",
            "link": null,
            "guest": null,
            "reservation": null
        }
    },
    {
        "model": "auth.permission",
        "pk": 1,
        "fields": {
            "name": "Can add log entry",
            "content_type": 1,
            "codename": "add_logentry"
        }
    },
    {
        "model": "auth.permission",
        "pk": 2,
        "fields": {
            "name": "Can change log entry",
            "content_type": 1,
            "codename": "change_logentry"
        }
    },
    {
        "model": "auth.permission",
        "pk": 3,
        "fields": {
            "name": "Can delete log entry",
            "content_type": 1,
            "codename": "delete_logentry"
        }
    },
    {
        "model": "auth.permission",
        "pk": 4,
        "fields": {
            "name": "Can view log entry",
            "content_type": 1,
            "codename": "view_logentry"
        }
    },
    {
        "model": "auth.permission",
        "pk": 5,
        "fields": {
            "name": "Can add permission",
            "content_type": 2,
            "codename": "add_permission"
        }
    },
    {
        "model": "auth.permission",
        "pk": 6,
        "fields": {
            "name": "Can change permission",
            "content_type": 2,
            "codename": "change_permission"
        }
    },
    {
        "model": "auth.permission",
        "pk": 7,
        "fields": {
            "name": "Can delete permission",
            "content_type": 2,
            "codename": "delete_permission"
        }
    },
    {
        "model": "auth.permission",
        "pk": 8,
        "fields": {
            "name": "Can view permission",
            "content_type": 2,
            "codename": "view_permission"
        }
    },
    {
        "model": "auth.permission",
        "pk": 9,
        "fields": {
            "name": "Can add group",
            "content_type": 3,
            "codename": "add_group"
        }
    },
    {
        "model": "auth.permission",
        "pk": 10,
        "fields": {
            "name": "Can change group",
            "content_type": 3,
            "codename": "change_group"
        }
    },
    {
        "model": "auth.permission",
        "pk": 11,
        "fields": {
            "name": "Can delete group",
            "content_type": 3,
            "codename": "delete_group"
        }
    },
    {
        "model": "auth.permission",
        "pk": 12,
        "fields": {
            "name": "Can view group",
            "content_type": 3,
            "codename": "view_group"
        }
    },
    {
        "model": "auth.permission",
        "pk": 13,
        "fields": {
            "name": "Can add user",
            "content_type": 4,
            "codename": "add_user"
        }
    },
    {
        "model": "auth.permission",
        "pk": 14,
        "fields": {
            "name": "Can change user",
            "content_type": 4,
            "codename": "change_user"
        }
    },
    {
        "model": "auth.permission",
        "pk": 15,
        "fields": {
            "name": "Can delete user",
            "content_type": 4,
            "codename": "delete_user"
        }
    },
    {
        "model": "auth.permission",
        "pk": 16,
        "fields": {
            "name": "Can view user",
            "content_type": 4,
            "codename": "view_user"
        }
    },
    {
        "model": "auth.permission",
        "pk": 17,
        "fields": {
            "name": "Can add content type",
            "content_type": 5,
            "codename": "add_contenttype"
        }
    },
    {
        "model": "auth.permission",
        "pk": 18,
        "fields": {
            "name": "Can change content type",
            "content_type": 5,
            "codename": "change_contenttype"
        }
    },
    {
        "model": "auth.permission",
        "pk": 19,
        "fields": {
            "name": "Can delete content type",
            "content_type": 5,
            "codename": "delete_contenttype"
        }
    },
    {
        "model": "auth.permission",
        "pk": 20,
        "fields": {
            "name": "Can view content type",
            "content_type": 5,
            "codename": "view_contenttype"
        }
    },
    {
        "model": "auth.permission",
        "pk": 21,
        "fields": {
            "name": "Can add session",
            "content_type": 6,
            "codename": "add_session"
        }
    },
    {
        "model": "auth.permission",
        "pk": 22,
        "fields": {
            "name": "Can change session",
            "content_type": 6,
            "codename": "change_session"
        }
    },
    {
        "model": "auth.permission",
        "pk": 23,
        "fields": {
            "name": "Can delete session",
            "content_type": 6,
            "codename": "delete_session"
        }
    },
    {
        "model": "auth.permission",
        "pk": 24,
        "fields": {
            "name": "Can view session",
            "content_type": 6,
            "codename": "view_session"
        }
    },
    {
        "model": "auth.permission",
        "pk": 25,
        "fields": {
            "name": "Can add Voyageur",
            "content_type": 7,
            "codename": "add_guest"
        }
    },
    {
        "model": "auth.permission",
        "pk": 26,
        "fields": {
            "name": "Can change Voyageur",
            "content_type": 7,
            "codename": "change_guest"
        }
    },
    {
        "model": "auth.permission",
        "pk": 27,
        "fields": {
            "name": "Can delete Voyageur",
            "content_type": 7,
            "codename": "delete_guest"
        }
    },
    {
        "model": "auth.permission",
        "pk": 28,
        "fields": {
            "name": "Can view Voyageur",
            "content_type": 7,
            "codename": "view_guest"
        }
    },
    {
        "model": "auth.permission",
        "pk": 29,
        "fields": {
            "name": "Can add Appartement",
            "content_type": 8,
            "codename": "add_place"
        }
    },
    {
        "model": "auth.permission",
        "pk": 30,
        "fields": {
            "name": "Can change Appartement",
            "content_type": 8,
            "codename": "change_place"
        }
    },
    {
        "model": "auth.permission",
        "pk": 31,
        "fields": {
            "name": "Can delete Appartement",
            "content_type": 8,
            "codename": "delete_place"
        }
    },
    {
        "model": "auth.permission",
        "pk": 32,
        "fields": {
            "name": "Can view Appartement",
            "content_type": 8,
            "codename": "view_place"
        }
    },
    {
        "model": "auth.permission",
        "pk": 33,
        "fields": {
            "name": "Can add R\u00e9servation",
            "content_type": 9,
            "codename": "add_reservation"
        }
    },
    {
        "model": "auth.permission",
        "pk": 34,
        "fields": {
            "name": "Can change R\u00e9servation",
            "content_type": 9,
            "codename": "change_reservation"
        }
    },
    {
        "model": "auth.permission",
        "pk": 35,
        "fields": {
            "name": "Can delete R\u00e9servation",
            "content_type": 9,
            "codename": "delete_reservation"
        }
    },
    {
        "model": "auth.permission",
        "pk": 36,
        "fields": {
            "name": "Can view R\u00e9servation",
            "content_type": 9,
            "codename": "view_reservation"
        }
    },
    {
        "model": "auth.permission",
        "pk": 37,
        "fields": {
            "name": "Can add T\u00e9moignage",
            "content_type": 10,
            "codename": "add_testimonial"
        }
    },
    {
        "model": "auth.permission",
        "pk": 38,
        "fields": {
            "name": "Can change T\u00e9moignage",
            "content_type": 10,
            "codename": "change_testimonial"
        }
    },
    {
        "model": "auth.permission",
        "pk": 39,
        "fields": {
            "name": "Can delete T\u00e9moignage",
            "content_type": 10,
            "codename": "delete_testimonial"
        }
    },
    {
        "model": "auth.permission",
        "pk": 40,
        "fields": {
            "name": "Can view T\u00e9moignage",
            "content_type": 10,
            "codename": "view_testimonial"
        }
    },
    {
        "model": "auth.permission",
        "pk": 41,
        "fields": {
            "name": "Can add site",
            "content_type": 11,
            "codename": "add_site"
        }
    },
    {
        "model": "auth.permission",
        "pk": 42,
        "fields": {
            "name": "Can change site",
            "content_type": 11,
            "codename": "change_site"
        }
    },
    {
        "model": "auth.permission",
        "pk": 43,
        "fields": {
            "name": "Can delete site",
            "content_type": 11,
            "codename": "delete_site"
        }
    },
    {
        "model": "auth.permission",
        "pk": 44,
        "fields": {
            "name": "Can view site",
            "content_type": 11,
            "codename": "view_site"
        }
    },
    {
        "model": "auth.permission",
        "pk": 45,
        "fields": {
            "name": "Can add flat page",
            "content_type": 12,
            "codename": "add_flatpage"
        }
    },
    {
        "model": "auth.permission",
        "pk": 46,
        "fields": {
            "name": "Can change flat page",
            "content_type": 12,
            "codename": "change_flatpage"
        }
    },
    {
        "model": "auth.permission",
        "pk": 47,
        "fields": {
            "name": "Can delete flat page",
            "content_type": 12,
            "codename": "delete_flatpage"
        }
    },
    {
        "model": "auth.permission",
        "pk": 48,
        "fields": {
            "name": "Can view flat page",
            "content_type": 12,
            "codename": "view_flatpage"
        }
    },
    {
        "model": "auth.permission",
        "pk": 49,
        "fields": {
            "name": "Can add image",
            "content_type": 13,
            "codename": "add_image"
        }
    },
    {
        "model": "auth.permission",
        "pk": 50,
        "fields": {
            "name": "Can change image",
            "content_type": 13,
            "codename": "change_image"
        }
    },
    {
        "model": "auth.permission",
        "pk": 51,
        "fields": {
            "name": "Can delete image",
            "content_type": 13,
            "codename": "delete_image"
        }
    },
    {
        "model": "auth.permission",
        "pk": 52,
        "fields": {
            "name": "Can view image",
            "content_type": 13,
            "codename": "view_image"
        }
    },
    {
        "model": "auth.group",
        "pk": 1,
        "fields": {
            "name": "Clients",
            "permissions": []
        }
    },
    {
        "model": "auth.user",
        "pk": 1,
        "fields": {
            "password": "pbkdf2_sha256$150000$FUvMBlxIZy6y$HmwSAxQAdPaOve3XwCYfDx/3Oklh2WtG2QJewPcrO+s=",
            "last_login": "2019-12-03T12:22:52Z",
            "is_superuser": true,
            "username": "admin",
            "first_name": "Nilka",
            "last_name": "Nemausat",
            "email": "location.villafleurie@gmail.com",
            "is_staff": true,
            "is_active": true,
            "date_joined": "2019-11-06T15:35:14Z",
            "groups": [],
            "user_permissions": [
                25,
                26,
                27,
                28,
                49,
                50,
                51,
                52,
                29,
                30,
                31,
                32,
                33,
                34,
                35,
                36,
                37,
                38,
                39,
                40
            ]
        }
    },
    {
        "model": "auth.user",
        "pk": 2,
        "fields": {
            "password": "pbkdf2_sha256$180000$0vN9vhsYeNft$6ema2p7l0l6muwDnPcpNO6dxJQc4qG7hIoyvzcBBAXc=",
            "last_login": "2020-01-02T17:09:55.143Z",
            "is_superuser": true,
            "username": "ruidy",
            "first_name": "Ruidy",
            "last_name": "NEMAUSAT",
            "email": "ruidy.nemausat@gmail.com",
            "is_staff": true,
            "is_active": true,
            "date_joined": "2019-12-04T13:10:55Z",
            "groups": [],
            "user_permissions": [
                1,
                2,
                3,
                4,
                9,
                10,
                11,
                12,
                5,
                6,
                7,
                8,
                13,
                14,
                15,
                16,
                17,
                18,
                19,
                20,
                45,
                46,
                47,
                48,
                25,
                26,
                27,
                28,
                49,
                50,
                51,
                52,
                29,
                30,
                31,
                32,
                33,
                34,
                35,
                36,
                37,
                38,
                39,
                40,
                21,
                22,
                23,
                24,
                41,
                42,
                43,
                44
            ]
        }
    },
    {
        "model": "admin.logentry",
        "pk": 1,
        "fields": {
            "action_time": "2019-11-06T15:39:43.062Z",
            "user": 1,
            "content_type": 4,
            "object_id": "1",
            "object_repr": "admin",
            "action_flag": 2,
            "change_message": "[{\"changed\": {\"fields\": [\"user_permissions\"]}}]"
        }
    },
    {
        "model": "admin.logentry",
        "pk": 2,
        "fields": {
            "action_time": "2019-11-06T15:40:27.784Z",
            "user": 1,
            "content_type": 4,
            "object_id": "1",
            "object_repr": "admin",
            "action_flag": 2,
            "change_message": "[{\"changed\": {\"fields\": [\"first_name\", \"last_name\"]}}]"
        }
    },
    {
        "model": "admin.logentry",
        "pk": 3,
        "fields": {
            "action_time": "2019-11-06T15:44:15.299Z",
            "user": 1,
            "content_type": 8,
            "object_id": "1",
            "object_repr": "T2",
            "action_flag": 2,
            "change_message": "[{\"changed\": {\"fields\": [\"description\", \"subname\", \"tagline\"]}}]"
        }
    },
    {
        "model": "admin.logentry",
        "pk": 4,
        "fields": {
            "action_time": "2019-11-06T15:45:17.940Z",
            "user": 1,
            "content_type": 8,
            "object_id": "2",
            "object_repr": "T3",
            "action_flag": 1,
            "change_message": "[{\"added\": {}}]"
        }
    },
    {
        "model": "admin.logentry",
        "pk": 5,
        "fields": {
            "action_time": "2019-11-06T15:45:24.591Z",
            "user": 1,
            "content_type": 8,
            "object_id": "1",
            "object_repr": "T2",
            "action_flag": 2,
            "change_message": "[{\"changed\": {\"fields\": [\"tagline\"]}}]"
        }
    },
    {
        "model": "admin.logentry",
        "pk": 6,
        "fields": {
            "action_time": "2019-11-06T18:49:44.302Z",
            "user": 1,
            "content_type": 12,
            "object_id": "1",
            "object_repr": "/contact/ -- Contactez-nous",
            "action_flag": 1,
            "change_message": "[{\"added\": {}}]"
        }
    },
    {
        "model": "admin.logentry",
        "pk": 7,
        "fields": {
            "action_time": "2019-11-06T18:54:04.789Z",
            "user": 1,
            "content_type": 11,
            "object_id": "2",
            "object_repr": "localhost:8000",
            "action_flag": 1,
            "change_message": "[{\"added\": {}}]"
        }
    },
    {
        "model": "admin.logentry",
        "pk": 8,
        "fields": {
            "action_time": "2019-11-06T18:54:13.717Z",
            "user": 1,
            "content_type": 12,
            "object_id": "1",
            "object_repr": "/contact/ -- Contactez-nous",
            "action_flag": 2,
            "change_message": "[{\"changed\": {\"fields\": [\"sites\"]}}]"
        }
    },
    {
        "model": "admin.logentry",
        "pk": 9,
        "fields": {
            "action_time": "2019-11-06T18:55:41.420Z",
            "user": 1,
            "content_type": 12,
            "object_id": "1",
            "object_repr": "/contact/ -- Contactez-nous",
            "action_flag": 2,
            "change_message": "[]"
        }
    },
    {
        "model": "admin.logentry",
        "pk": 10,
        "fields": {
            "action_time": "2019-11-06T18:57:21.602Z",
            "user": 1,
            "content_type": 12,
            "object_id": "2",
            "object_repr": "/contact_/ -- Contactez-nous",
            "action_flag": 1,
            "change_message": "[{\"added\": {}}]"
        }
    },
    {
        "model": "admin.logentry",
        "pk": 11,
        "fields": {
            "action_time": "2019-11-06T19:00:07.425Z",
            "user": 1,
            "content_type": 12,
            "object_id": "2",
            "object_repr": "/contact_/ -- Contactez-nous",
            "action_flag": 2,
            "change_message": "[]"
        }
    },
    {
        "model": "admin.logentry",
        "pk": 12,
        "fields": {
            "action_time": "2019-11-06T19:10:22.216Z",
            "user": 1,
            "content_type": 12,
            "object_id": "1",
            "object_repr": "/contact/ -- Contactez-nous",
            "action_flag": 3,
            "change_message": ""
        }
    },
    {
        "model": "admin.logentry",
        "pk": 13,
        "fields": {
            "action_time": "2019-11-06T19:10:27.313Z",
            "user": 1,
            "content_type": 12,
            "object_id": "2",
            "object_repr": "/contact_/ -- Contactez-nous",
            "action_flag": 3,
            "change_message": ""
        }
    },
    {
        "model": "admin.logentry",
        "pk": 14,
        "fields": {
            "action_time": "2019-11-07T10:32:27.206Z",
            "user": 1,
            "content_type": 8,
            "object_id": "1",
            "object_repr": "T2",
            "action_flag": 2,
            "change_message": "[{\"changed\": {\"fields\": [\"surface\", \"beds\", \"max_occupation\"]}}]"
        }
    },
    {
        "model": "admin.logentry",
        "pk": 15,
        "fields": {
            "action_time": "2019-11-07T10:32:47.513Z",
            "user": 1,
            "content_type": 8,
            "object_id": "2",
            "object_repr": "T3",
            "action_flag": 2,
            "change_message": "[{\"changed\": {\"fields\": [\"description\", \"surface\", \"beds\", \"max_occupation\"]}}]"
        }
    },
    {
        "model": "admin.logentry",
        "pk": 16,
        "fields": {
            "action_time": "2019-11-07T10:46:45.830Z",
            "user": 1,
            "content_type": 8,
            "object_id": "2",
            "object_repr": "T3",
            "action_flag": 2,
            "change_message": "[]"
        }
    },
    {
        "model": "admin.logentry",
        "pk": 17,
        "fields": {
            "action_time": "2019-11-07T10:51:59.015Z",
            "user": 1,
            "content_type": 8,
            "object_id": "1",
            "object_repr": "T2",
            "action_flag": 2,
            "change_message": "[{\"changed\": {\"fields\": [\"description\", \"info\"]}}]"
        }
    },
    {
        "model": "admin.logentry",
        "pk": 18,
        "fields": {
            "action_time": "2019-11-07T10:54:41.909Z",
            "user": 1,
            "content_type": 8,
            "object_id": "1",
            "object_repr": "T2",
            "action_flag": 2,
            "change_message": "[{\"changed\": {\"fields\": [\"description\", \"info\"]}}]"
        }
    },
    {
        "model": "admin.logentry",
        "pk": 19,
        "fields": {
            "action_time": "2019-11-07T10:58:26.218Z",
            "user": 1,
            "content_type": 8,
            "object_id": "1",
            "object_repr": "T2",
            "action_flag": 2,
            "change_message": "[{\"changed\": {\"fields\": [\"description\"]}}]"
        }
    },
    {
        "model": "admin.logentry",
        "pk": 20,
        "fields": {
            "action_time": "2019-11-07T11:03:00.504Z",
            "user": 1,
            "content_type": 8,
            "object_id": "1",
            "object_repr": "T2",
            "action_flag": 2,
            "change_message": "[{\"changed\": {\"fields\": [\"description\"]}}]"
        }
    },
    {
        "model": "admin.logentry",
        "pk": 21,
        "fields": {
            "action_time": "2019-11-07T11:07:42.210Z",
            "user": 1,
            "content_type": 8,
            "object_id": "2",
            "object_repr": "T3",
            "action_flag": 2,
            "change_message": "[{\"changed\": {\"fields\": [\"description\"]}}]"
        }
    },
    {
        "model": "admin.logentry",
        "pk": 22,
        "fields": {
            "action_time": "2019-11-07T11:11:27.750Z",
            "user": 1,
            "content_type": 8,
            "object_id": "2",
            "object_repr": "T3",
            "action_flag": 2,
            "change_message": "[{\"changed\": {\"fields\": [\"description\", \"info\"]}}]"
        }
    },
    {
        "model": "admin.logentry",
        "pk": 23,
        "fields": {
            "action_time": "2019-11-07T11:11:30.163Z",
            "user": 1,
            "content_type": 8,
            "object_id": "1",
            "object_repr": "T2",
            "action_flag": 2,
            "change_message": "[{\"changed\": {\"fields\": [\"description\"]}}]"
        }
    },
    {
        "model": "admin.logentry",
        "pk": 24,
        "fields": {
            "action_time": "2019-11-07T11:13:18.374Z",
            "user": 1,
            "content_type": 8,
            "object_id": "1",
            "object_repr": "T2",
            "action_flag": 2,
            "change_message": "[{\"changed\": {\"fields\": [\"description\"]}}]"
        }
    },
    {
        "model": "admin.logentry",
        "pk": 25,
        "fields": {
            "action_time": "2019-11-07T11:13:25.987Z",
            "user": 1,
            "content_type": 8,
            "object_id": "2",
            "object_repr": "T3",
            "action_flag": 2,
            "change_message": "[{\"changed\": {\"fields\": [\"description\"]}}]"
        }
    },
    {
        "model": "admin.logentry",
        "pk": 26,
        "fields": {
            "action_time": "2019-11-07T11:14:56.161Z",
            "user": 1,
            "content_type": 8,
            "object_id": "1",
            "object_repr": "T2",
            "action_flag": 2,
            "change_message": "[{\"changed\": {\"fields\": [\"description\", \"info\"]}}]"
        }
    },
    {
        "model": "admin.logentry",
        "pk": 27,
        "fields": {
            "action_time": "2019-11-07T11:15:18.608Z",
            "user": 1,
            "content_type": 8,
            "object_id": "2",
            "object_repr": "T3",
            "action_flag": 2,
            "change_message": "[{\"changed\": {\"fields\": [\"description\", \"info\"]}}]"
        }
    },
    {
        "model": "admin.logentry",
        "pk": 28,
        "fields": {
            "action_time": "2019-11-07T13:49:42.550Z",
            "user": 1,
            "content_type": 9,
            "object_id": "1",
            "object_repr": "R\u00e9servation du T3 par djibril Ciss\u00e9",
            "action_flag": 3,
            "change_message": ""
        }
    },
    {
        "model": "admin.logentry",
        "pk": 29,
        "fields": {
            "action_time": "2019-11-07T14:04:29.927Z",
            "user": 1,
            "content_type": 9,
            "object_id": "3",
            "object_repr": "R\u00e9servation du T2 par mathias",
            "action_flag": 3,
            "change_message": ""
        }
    },
    {
        "model": "admin.logentry",
        "pk": 30,
        "fields": {
            "action_time": "2019-11-07T14:04:29.928Z",
            "user": 1,
            "content_type": 9,
            "object_id": "2",
            "object_repr": "R\u00e9servation du T3 par djibril Ciss\u00e9",
            "action_flag": 3,
            "change_message": ""
        }
    },
    {
        "model": "admin.logentry",
        "pk": 31,
        "fields": {
            "action_time": "2019-11-07T21:16:20.236Z",
            "user": 1,
            "content_type": 10,
            "object_id": "1",
            "object_repr": "ENDOU Tatsuya",
            "action_flag": 1,
            "change_message": "[{\"added\": {}}]"
        }
    },
    {
        "model": "admin.logentry",
        "pk": 32,
        "fields": {
            "action_time": "2019-11-07T21:17:26.573Z",
            "user": 1,
            "content_type": 10,
            "object_id": "1",
            "object_repr": "ENDOU Tatsuya",
            "action_flag": 2,
            "change_message": "[]"
        }
    },
    {
        "model": "admin.logentry",
        "pk": 33,
        "fields": {
            "action_time": "2019-11-07T22:16:04.210Z",
            "user": 1,
            "content_type": 10,
            "object_id": "1",
            "object_repr": "ENDOU Tatsuya",
            "action_flag": 2,
            "change_message": "[{\"changed\": {\"fields\": [\"link\"]}}]"
        }
    },
    {
        "model": "admin.logentry",
        "pk": 34,
        "fields": {
            "action_time": "2019-11-07T22:23:46.189Z",
            "user": 1,
            "content_type": 10,
            "object_id": "1",
            "object_repr": "ENDOU Tatsuya",
            "action_flag": 2,
            "change_message": "[{\"changed\": {\"fields\": [\"picture\"]}}]"
        }
    },
    {
        "model": "admin.logentry",
        "pk": 35,
        "fields": {
            "action_time": "2019-11-07T22:23:55.099Z",
            "user": 1,
            "content_type": 10,
            "object_id": "1",
            "object_repr": "ENDOU Tatsuya",
            "action_flag": 2,
            "change_message": "[{\"changed\": {\"fields\": [\"picture\"]}}]"
        }
    },
    {
        "model": "admin.logentry",
        "pk": 36,
        "fields": {
            "action_time": "2019-11-10T18:07:03.849Z",
            "user": 1,
            "content_type": 8,
            "object_id": "1",
            "object_repr": "T2",
            "action_flag": 2,
            "change_message": "[{\"changed\": {\"fields\": [\"pictures\"]}}]"
        }
    },
    {
        "model": "admin.logentry",
        "pk": 37,
        "fields": {
            "action_time": "2019-11-10T18:16:09.876Z",
            "user": 1,
            "content_type": 13,
            "object_id": "1",
            "object_repr": "villafleurie T2 salon",
            "action_flag": 1,
            "change_message": "[{\"added\": {}}]"
        }
    },
    {
        "model": "admin.logentry",
        "pk": 38,
        "fields": {
            "action_time": "2019-11-10T18:16:19.635Z",
            "user": 1,
            "content_type": 13,
            "object_id": "2",
            "object_repr": "vvillafleurie T2 salon",
            "action_flag": 1,
            "change_message": "[{\"added\": {}}]"
        }
    },
    {
        "model": "admin.logentry",
        "pk": 39,
        "fields": {
            "action_time": "2019-11-10T18:16:35.212Z",
            "user": 1,
            "content_type": 13,
            "object_id": "3",
            "object_repr": "villafleurie T2 salle de bain",
            "action_flag": 1,
            "change_message": "[{\"added\": {}}]"
        }
    },
    {
        "model": "admin.logentry",
        "pk": 40,
        "fields": {
            "action_time": "2019-11-10T18:18:09.833Z",
            "user": 1,
            "content_type": 13,
            "object_id": "1",
            "object_repr": "villafleurie T2 salon",
            "action_flag": 2,
            "change_message": "[{\"changed\": {\"fields\": [\"place\"]}}]"
        }
    },
    {
        "model": "admin.logentry",
        "pk": 41,
        "fields": {
            "action_time": "2019-11-10T18:18:18.849Z",
            "user": 1,
            "content_type": 13,
            "object_id": "3",
            "object_repr": "villafleurie T2 salle de bain",
            "action_flag": 2,
            "change_message": "[{\"changed\": {\"fields\": [\"place\"]}}]"
        }
    },
    {
        "model": "admin.logentry",
        "pk": 42,
        "fields": {
            "action_time": "2019-11-10T18:18:26.350Z",
            "user": 1,
            "content_type": 13,
            "object_id": "2",
            "object_repr": "vvillafleurie T2 salon",
            "action_flag": 2,
            "change_message": "[{\"changed\": {\"fields\": [\"place\"]}}]"
        }
    },
    {
        "model": "admin.logentry",
        "pk": 43,
        "fields": {
            "action_time": "2019-11-10T18:18:29.103Z",
            "user": 1,
            "content_type": 13,
            "object_id": "2",
            "object_repr": "vvillafleurie T2 salon",
            "action_flag": 2,
            "change_message": "[]"
        }
    },
    {
        "model": "admin.logentry",
        "pk": 44,
        "fields": {
            "action_time": "2019-11-10T18:18:47.107Z",
            "user": 1,
            "content_type": 13,
            "object_id": "4",
            "object_repr": "villafleurie T2 chambre",
            "action_flag": 1,
            "change_message": "[{\"added\": {}}]"
        }
    },
    {
        "model": "admin.logentry",
        "pk": 45,
        "fields": {
            "action_time": "2019-11-10T18:18:56.213Z",
            "user": 1,
            "content_type": 13,
            "object_id": "5",
            "object_repr": "villafleurie T2 chambre",
            "action_flag": 1,
            "change_message": "[{\"added\": {}}]"
        }
    },
    {
        "model": "admin.logentry",
        "pk": 46,
        "fields": {
            "action_time": "2019-11-10T18:19:13.030Z",
            "user": 1,
            "content_type": 13,
            "object_id": "6",
            "object_repr": "villafleurie T2 cuisine",
            "action_flag": 1,
            "change_message": "[{\"added\": {}}]"
        }
    },
    {
        "model": "admin.logentry",
        "pk": 47,
        "fields": {
            "action_time": "2019-11-10T18:19:24.244Z",
            "user": 1,
            "content_type": 13,
            "object_id": "7",
            "object_repr": "villafleurie T2 terrasse",
            "action_flag": 1,
            "change_message": "[{\"added\": {}}]"
        }
    },
    {
        "model": "admin.logentry",
        "pk": 48,
        "fields": {
            "action_time": "2019-11-10T18:42:28.230Z",
            "user": 1,
            "content_type": 13,
            "object_id": "7",
            "object_repr": "villafleurie T2 terrasse",
            "action_flag": 2,
            "change_message": "[{\"changed\": {\"fields\": [\"place\"]}}]"
        }
    },
    {
        "model": "admin.logentry",
        "pk": 49,
        "fields": {
            "action_time": "2019-11-10T18:42:36.123Z",
            "user": 1,
            "content_type": 13,
            "object_id": "6",
            "object_repr": "villafleurie T2 cuisine",
            "action_flag": 2,
            "change_message": "[{\"changed\": {\"fields\": [\"place\"]}}]"
        }
    },
    {
        "model": "admin.logentry",
        "pk": 50,
        "fields": {
            "action_time": "2019-11-10T18:42:40.409Z",
            "user": 1,
            "content_type": 13,
            "object_id": "5",
            "object_repr": "villafleurie T2 chambre",
            "action_flag": 2,
            "change_message": "[{\"changed\": {\"fields\": [\"place\"]}}]"
        }
    },
    {
        "model": "admin.logentry",
        "pk": 51,
        "fields": {
            "action_time": "2019-11-10T18:42:45.609Z",
            "user": 1,
            "content_type": 13,
            "object_id": "5",
            "object_repr": "villafleurie T2 chambre",
            "action_flag": 2,
            "change_message": "[]"
        }
    },
    {
        "model": "admin.logentry",
        "pk": 52,
        "fields": {
            "action_time": "2019-11-10T18:42:49.316Z",
            "user": 1,
            "content_type": 13,
            "object_id": "4",
            "object_repr": "villafleurie T2 chambre",
            "action_flag": 2,
            "change_message": "[{\"changed\": {\"fields\": [\"place\"]}}]"
        }
    },
    {
        "model": "admin.logentry",
        "pk": 53,
        "fields": {
            "action_time": "2019-11-10T18:42:55.228Z",
            "user": 1,
            "content_type": 13,
            "object_id": "3",
            "object_repr": "villafleurie T2 salle de bain",
            "action_flag": 2,
            "change_message": "[{\"changed\": {\"fields\": [\"place\"]}}]"
        }
    },
    {
        "model": "admin.logentry",
        "pk": 54,
        "fields": {
            "action_time": "2019-11-10T18:43:23.515Z",
            "user": 1,
            "content_type": 13,
            "object_id": "3",
            "object_repr": "villafleurie T2 salle de bain",
            "action_flag": 2,
            "change_message": "[]"
        }
    },
    {
        "model": "admin.logentry",
        "pk": 55,
        "fields": {
            "action_time": "2019-11-10T18:43:27.560Z",
            "user": 1,
            "content_type": 13,
            "object_id": "2",
            "object_repr": "vvillafleurie T2 salon",
            "action_flag": 2,
            "change_message": "[{\"changed\": {\"fields\": [\"place\"]}}]"
        }
    },
    {
        "model": "admin.logentry",
        "pk": 56,
        "fields": {
            "action_time": "2019-11-10T18:43:30.910Z",
            "user": 1,
            "content_type": 13,
            "object_id": "1",
            "object_repr": "villafleurie T2 salon",
            "action_flag": 2,
            "change_message": "[{\"changed\": {\"fields\": [\"place\"]}}]"
        }
    },
    {
        "model": "admin.logentry",
        "pk": 57,
        "fields": {
            "action_time": "2019-11-10T19:21:44.217Z",
            "user": 1,
            "content_type": 8,
            "object_id": "1",
            "object_repr": "T2",
            "action_flag": 2,
            "change_message": "[{\"changed\": {\"fields\": [\"info\"]}}]"
        }
    },
    {
        "model": "admin.logentry",
        "pk": 58,
        "fields": {
            "action_time": "2019-11-10T19:23:57.447Z",
            "user": 1,
            "content_type": 8,
            "object_id": "1",
            "object_repr": "T2",
            "action_flag": 2,
            "change_message": "[{\"changed\": {\"fields\": [\"description\"]}}]"
        }
    },
    {
        "model": "admin.logentry",
        "pk": 59,
        "fields": {
            "action_time": "2019-11-10T19:33:09.478Z",
            "user": 1,
            "content_type": 8,
            "object_id": "2",
            "object_repr": "T3",
            "action_flag": 2,
            "change_message": "[{\"changed\": {\"fields\": [\"description\", \"info\"]}}]"
        }
    },
    {
        "model": "admin.logentry",
        "pk": 60,
        "fields": {
            "action_time": "2019-11-10T19:33:40.164Z",
            "user": 1,
            "content_type": 8,
            "object_id": "2",
            "object_repr": "T3",
            "action_flag": 2,
            "change_message": "[{\"changed\": {\"fields\": [\"description\"]}}]"
        }
    },
    {
        "model": "admin.logentry",
        "pk": 61,
        "fields": {
            "action_time": "2019-11-10T19:41:05.017Z",
            "user": 1,
            "content_type": 13,
            "object_id": "8",
            "object_repr": "villafleurie T3 salon",
            "action_flag": 1,
            "change_message": "[{\"added\": {}}]"
        }
    },
    {
        "model": "admin.logentry",
        "pk": 62,
        "fields": {
            "action_time": "2019-11-10T19:41:23.212Z",
            "user": 1,
            "content_type": 13,
            "object_id": "9",
            "object_repr": "villafleurie T3 cuisine",
            "action_flag": 1,
            "change_message": "[{\"added\": {}}]"
        }
    },
    {
        "model": "admin.logentry",
        "pk": 63,
        "fields": {
            "action_time": "2019-11-10T19:41:36.377Z",
            "user": 1,
            "content_type": 13,
            "object_id": "10",
            "object_repr": "villafleurie T3 chambre",
            "action_flag": 1,
            "change_message": "[{\"added\": {}}]"
        }
    },
    {
        "model": "admin.logentry",
        "pk": 64,
        "fields": {
            "action_time": "2019-11-11T08:56:48.594Z",
            "user": 1,
            "content_type": 8,
            "object_id": "1",
            "object_repr": "T2",
            "action_flag": 2,
            "change_message": "[{\"changed\": {\"fields\": [\"thumbnail\", \"images\"]}}]"
        }
    },
    {
        "model": "admin.logentry",
        "pk": 65,
        "fields": {
            "action_time": "2019-11-11T08:57:07.191Z",
            "user": 1,
            "content_type": 8,
            "object_id": "2",
            "object_repr": "T3",
            "action_flag": 2,
            "change_message": "[{\"changed\": {\"fields\": [\"thumbnail\", \"images\"]}}]"
        }
    },
    {
        "model": "admin.logentry",
        "pk": 66,
        "fields": {
            "action_time": "2019-11-11T09:01:20.176Z",
            "user": 1,
            "content_type": 8,
            "object_id": "1",
            "object_repr": "T2",
            "action_flag": 2,
            "change_message": "[{\"changed\": {\"fields\": [\"thumbnail\"]}}]"
        }
    },
    {
        "model": "admin.logentry",
        "pk": 67,
        "fields": {
            "action_time": "2019-11-11T09:31:05.439Z",
            "user": 1,
            "content_type": 10,
            "object_id": "1",
            "object_repr": "Nell",
            "action_flag": 2,
            "change_message": "[{\"changed\": {\"fields\": [\"author\", \"text\", \"picture\", \"guest\"]}}]"
        }
    },
    {
        "model": "admin.logentry",
        "pk": 68,
        "fields": {
            "action_time": "2019-11-11T09:31:11.880Z",
            "user": 1,
            "content_type": 10,
            "object_id": "1",
            "object_repr": "Nell",
            "action_flag": 2,
            "change_message": "[{\"changed\": {\"fields\": [\"picture\"]}}]"
        }
    },
    {
        "model": "admin.logentry",
        "pk": 69,
        "fields": {
            "action_time": "2019-11-11T09:32:39.641Z",
            "user": 1,
            "content_type": 10,
            "object_id": "2",
            "object_repr": "Laurence",
            "action_flag": 1,
            "change_message": "[{\"added\": {}}]"
        }
    },
    {
        "model": "admin.logentry",
        "pk": 70,
        "fields": {
            "action_time": "2019-11-11T09:35:59.288Z",
            "user": 1,
            "content_type": 10,
            "object_id": "3",
            "object_repr": "Thomas",
            "action_flag": 1,
            "change_message": "[{\"added\": {}}]"
        }
    },
    {
        "model": "admin.logentry",
        "pk": 71,
        "fields": {
            "action_time": "2019-11-11T11:02:19.846Z",
            "user": 1,
            "content_type": 9,
            "object_id": "24",
            "object_repr": "R\u00e9servation du T3 par Ruidy Nemausat",
            "action_flag": 3,
            "change_message": ""
        }
    },
    {
        "model": "admin.logentry",
        "pk": 72,
        "fields": {
            "action_time": "2019-11-11T11:02:19.849Z",
            "user": 1,
            "content_type": 9,
            "object_id": "4",
            "object_repr": "R\u00e9servation du T2 par Jean",
            "action_flag": 3,
            "change_message": ""
        }
    },
    {
        "model": "admin.logentry",
        "pk": 73,
        "fields": {
            "action_time": "2019-11-11T11:02:27.625Z",
            "user": 1,
            "content_type": 7,
            "object_id": "24",
            "object_repr": "fred",
            "action_flag": 3,
            "change_message": ""
        }
    },
    {
        "model": "admin.logentry",
        "pk": 74,
        "fields": {
            "action_time": "2019-11-11T11:02:27.628Z",
            "user": 1,
            "content_type": 7,
            "object_id": "9",
            "object_repr": "Jean",
            "action_flag": 3,
            "change_message": ""
        }
    },
    {
        "model": "admin.logentry",
        "pk": 75,
        "fields": {
            "action_time": "2019-11-11T11:02:27.629Z",
            "user": 1,
            "content_type": 7,
            "object_id": "8",
            "object_repr": "mathias",
            "action_flag": 3,
            "change_message": ""
        }
    },
    {
        "model": "admin.logentry",
        "pk": 76,
        "fields": {
            "action_time": "2019-11-11T11:02:27.630Z",
            "user": 1,
            "content_type": 7,
            "object_id": "7",
            "object_repr": "djibril Ciss\u00e9",
            "action_flag": 3,
            "change_message": ""
        }
    },
    {
        "model": "admin.logentry",
        "pk": 77,
        "fields": {
            "action_time": "2019-11-11T11:02:27.633Z",
            "user": 1,
            "content_type": 7,
            "object_id": "5",
            "object_repr": "Nilka",
            "action_flag": 3,
            "change_message": ""
        }
    },
    {
        "model": "admin.logentry",
        "pk": 78,
        "fields": {
            "action_time": "2019-11-11T11:02:27.634Z",
            "user": 1,
            "content_type": 7,
            "object_id": "3",
            "object_repr": "Ruidy Nemausat",
            "action_flag": 3,
            "change_message": ""
        }
    },
    {
        "model": "admin.logentry",
        "pk": 79,
        "fields": {
            "action_time": "2019-11-11T11:08:36.294Z",
            "user": 1,
            "content_type": 9,
            "object_id": "45",
            "object_repr": "R\u00e9servation du T3 par Ruidy Nemausat",
            "action_flag": 3,
            "change_message": ""
        }
    },
    {
        "model": "admin.logentry",
        "pk": 80,
        "fields": {
            "action_time": "2019-11-11T11:08:36.297Z",
            "user": 1,
            "content_type": 9,
            "object_id": "43",
            "object_repr": "R\u00e9servation du T2 par Ruidy Nemausat",
            "action_flag": 3,
            "change_message": ""
        }
    },
    {
        "model": "admin.logentry",
        "pk": 81,
        "fields": {
            "action_time": "2019-11-11T11:12:21.260Z",
            "user": 1,
            "content_type": 9,
            "object_id": "47",
            "object_repr": "R\u00e9servation du T2 par Nilka",
            "action_flag": 3,
            "change_message": ""
        }
    },
    {
        "model": "admin.logentry",
        "pk": 82,
        "fields": {
            "action_time": "2019-12-03T22:12:08.531Z",
            "user": 1,
            "content_type": 9,
            "object_id": "61",
            "object_repr": "R\u00e9servation du T2 par Ruidy Nemausat",
            "action_flag": 3,
            "change_message": ""
        }
    },
    {
        "model": "admin.logentry",
        "pk": 83,
        "fields": {
            "action_time": "2019-12-03T22:12:08.536Z",
            "user": 1,
            "content_type": 9,
            "object_id": "60",
            "object_repr": "R\u00e9servation du T2 par Nilka",
            "action_flag": 3,
            "change_message": ""
        }
    },
    {
        "model": "admin.logentry",
        "pk": 84,
        "fields": {
            "action_time": "2019-12-03T22:12:08.537Z",
            "user": 1,
            "content_type": 9,
            "object_id": "59",
            "object_repr": "R\u00e9servation du T2 par Nilka",
            "action_flag": 3,
            "change_message": ""
        }
    },
    {
        "model": "admin.logentry",
        "pk": 85,
        "fields": {
            "action_time": "2019-12-03T22:12:08.537Z",
            "user": 1,
            "content_type": 9,
            "object_id": "58",
            "object_repr": "R\u00e9servation du T2 par Nilka",
            "action_flag": 3,
            "change_message": ""
        }
    },
    {
        "model": "admin.logentry",
        "pk": 86,
        "fields": {
            "action_time": "2019-12-03T22:12:08.538Z",
            "user": 1,
            "content_type": 9,
            "object_id": "57",
            "object_repr": "R\u00e9servation du T2 par Ruidy Nemausat",
            "action_flag": 3,
            "change_message": ""
        }
    },
    {
        "model": "admin.logentry",
        "pk": 87,
        "fields": {
            "action_time": "2019-12-03T22:12:08.538Z",
            "user": 1,
            "content_type": 9,
            "object_id": "56",
            "object_repr": "R\u00e9servation du T2 par Ruidy Nemausat",
            "action_flag": 3,
            "change_message": ""
        }
    },
    {
        "model": "admin.logentry",
        "pk": 88,
        "fields": {
            "action_time": "2019-12-03T22:12:08.539Z",
            "user": 1,
            "content_type": 9,
            "object_id": "55",
            "object_repr": "R\u00e9servation du T2 par Ruidy Nemausat",
            "action_flag": 3,
            "change_message": ""
        }
    },
    {
        "model": "admin.logentry",
        "pk": 89,
        "fields": {
            "action_time": "2019-12-03T22:12:08.539Z",
            "user": 1,
            "content_type": 9,
            "object_id": "53",
            "object_repr": "R\u00e9servation du T2 par david",
            "action_flag": 3,
            "change_message": ""
        }
    },
    {
        "model": "admin.logentry",
        "pk": 90,
        "fields": {
            "action_time": "2019-12-03T22:12:08.540Z",
            "user": 1,
            "content_type": 9,
            "object_id": "52",
            "object_repr": "R\u00e9servation du T3 par charles",
            "action_flag": 3,
            "change_message": ""
        }
    },
    {
        "model": "admin.logentry",
        "pk": 91,
        "fields": {
            "action_time": "2019-12-03T22:12:08.540Z",
            "user": 1,
            "content_type": 9,
            "object_id": "50",
            "object_repr": "R\u00e9servation du T2 par bobi",
            "action_flag": 3,
            "change_message": ""
        }
    },
    {
        "model": "admin.logentry",
        "pk": 92,
        "fields": {
            "action_time": "2019-12-03T22:12:08.541Z",
            "user": 1,
            "content_type": 9,
            "object_id": "49",
            "object_repr": "R\u00e9servation du T2 par andre",
            "action_flag": 3,
            "change_message": ""
        }
    },
    {
        "model": "admin.logentry",
        "pk": 93,
        "fields": {
            "action_time": "2019-12-03T22:12:08.541Z",
            "user": 1,
            "content_type": 9,
            "object_id": "48",
            "object_repr": "R\u00e9servation du T3 par andre",
            "action_flag": 3,
            "change_message": ""
        }
    },
    {
        "model": "admin.logentry",
        "pk": 94,
        "fields": {
            "action_time": "2019-12-03T22:12:28.454Z",
            "user": 1,
            "content_type": 7,
            "object_id": "36",
            "object_repr": "Nilka",
            "action_flag": 3,
            "change_message": ""
        }
    },
    {
        "model": "admin.logentry",
        "pk": 95,
        "fields": {
            "action_time": "2019-12-03T22:12:28.459Z",
            "user": 1,
            "content_type": 7,
            "object_id": "34",
            "object_repr": "david",
            "action_flag": 3,
            "change_message": ""
        }
    },
    {
        "model": "admin.logentry",
        "pk": 96,
        "fields": {
            "action_time": "2019-12-03T22:12:28.460Z",
            "user": 1,
            "content_type": 7,
            "object_id": "33",
            "object_repr": "charles",
            "action_flag": 3,
            "change_message": ""
        }
    },
    {
        "model": "admin.logentry",
        "pk": 97,
        "fields": {
            "action_time": "2019-12-03T22:12:28.461Z",
            "user": 1,
            "content_type": 7,
            "object_id": "31",
            "object_repr": "bobi",
            "action_flag": 3,
            "change_message": ""
        }
    },
    {
        "model": "admin.logentry",
        "pk": 98,
        "fields": {
            "action_time": "2019-12-03T22:12:28.462Z",
            "user": 1,
            "content_type": 7,
            "object_id": "30",
            "object_repr": "andre",
            "action_flag": 3,
            "change_message": ""
        }
    },
    {
        "model": "admin.logentry",
        "pk": 99,
        "fields": {
            "action_time": "2019-12-03T22:12:28.462Z",
            "user": 1,
            "content_type": 7,
            "object_id": "29",
            "object_repr": "Nilka",
            "action_flag": 3,
            "change_message": ""
        }
    },
    {
        "model": "admin.logentry",
        "pk": 100,
        "fields": {
            "action_time": "2019-12-03T22:12:28.463Z",
            "user": 1,
            "content_type": 7,
            "object_id": "28",
            "object_repr": "Ruidy Nemausat",
            "action_flag": 3,
            "change_message": ""
        }
    },
    {
        "model": "admin.logentry",
        "pk": 101,
        "fields": {
            "action_time": "2019-12-06T12:17:40.493Z",
            "user": 2,
            "content_type": 8,
            "object_id": "1",
            "object_repr": "T2",
            "action_flag": 2,
            "change_message": "[{\"changed\": {\"fields\": [\"Calendar\"]}}]"
        }
    },
    {
        "model": "admin.logentry",
        "pk": 102,
        "fields": {
            "action_time": "2019-12-06T12:18:15.553Z",
            "user": 2,
            "content_type": 8,
            "object_id": "2",
            "object_repr": "T3",
            "action_flag": 2,
            "change_message": "[{\"changed\": {\"fields\": [\"Calendar\"]}}]"
        }
    },
    {
        "model": "admin.logentry",
        "pk": 103,
        "fields": {
            "action_time": "2019-12-06T12:19:44.349Z",
            "user": 2,
            "content_type": 8,
            "object_id": "2",
            "object_repr": "T3",
            "action_flag": 2,
            "change_message": "[]"
        }
    },
    {
        "model": "admin.logentry",
        "pk": 104,
        "fields": {
            "action_time": "2019-12-06T12:27:10.747Z",
            "user": 2,
            "content_type": 8,
            "object_id": "1",
            "object_repr": "T2",
            "action_flag": 2,
            "change_message": "[]"
        }
    },
    {
        "model": "admin.logentry",
        "pk": 105,
        "fields": {
            "action_time": "2019-12-06T12:27:35.355Z",
            "user": 2,
            "content_type": 8,
            "object_id": "2",
            "object_repr": "T3",
            "action_flag": 2,
            "change_message": "[]"
        }
    },
    {
        "model": "admin.logentry",
        "pk": 106,
        "fields": {
            "action_time": "2019-12-09T17:27:42.217Z",
            "user": 2,
            "content_type": 4,
            "object_id": "2",
            "object_repr": "ruidy",
            "action_flag": 2,
            "change_message": "[{\"changed\": {\"fields\": [\"First name\", \"Last name\", \"User permissions\", \"Last login\"]}}]"
        }
    },
    {
        "model": "admin.logentry",
        "pk": 107,
        "fields": {
            "action_time": "2019-12-09T17:28:38.006Z",
            "user": 2,
            "content_type": 4,
            "object_id": "1",
            "object_repr": "admin",
            "action_flag": 2,
            "change_message": "[{\"changed\": {\"fields\": [\"First name\", \"User permissions\"]}}]"
        }
    },
    {
        "model": "admin.logentry",
        "pk": 108,
        "fields": {
            "action_time": "2019-12-09T17:29:31.434Z",
            "user": 2,
            "content_type": 3,
            "object_id": "1",
            "object_repr": "Clients",
            "action_flag": 1,
            "change_message": "[{\"added\": {}}]"
        }
    },
    {
        "model": "admin.logentry",
        "pk": 109,
        "fields": {
            "action_time": "2019-12-09T17:30:49.765Z",
            "user": 2,
            "content_type": 7,
            "object_id": "40",
            "object_repr": "Thomas Price",
            "action_flag": 3,
            "change_message": ""
        }
    },
    {
        "model": "admin.logentry",
        "pk": 110,
        "fields": {
            "action_time": "2019-12-09T17:30:49.768Z",
            "user": 2,
            "content_type": 7,
            "object_id": "39",
            "object_repr": "John Doe",
            "action_flag": 3,
            "change_message": ""
        }
    },
    {
        "model": "admin.logentry",
        "pk": 111,
        "fields": {
            "action_time": "2019-12-09T17:30:49.769Z",
            "user": 2,
            "content_type": 7,
            "object_id": "38",
            "object_repr": "Nilka",
            "action_flag": 3,
            "change_message": ""
        }
    },
    {
        "model": "admin.logentry",
        "pk": 112,
        "fields": {
            "action_time": "2019-12-09T17:30:49.771Z",
            "user": 2,
            "content_type": 7,
            "object_id": "37",
            "object_repr": "NEMAUSAT Ruidy",
            "action_flag": 3,
            "change_message": ""
        }
    },
    {
        "model": "admin.logentry",
        "pk": 113,
        "fields": {
            "action_time": "2019-12-09T18:48:26.974Z",
            "user": 2,
            "content_type": 7,
            "object_id": "92",
            "object_repr": "VillaFleurie ferm\u00e9e",
            "action_flag": 3,
            "change_message": ""
        }
    },
    {
        "model": "admin.logentry",
        "pk": 114,
        "fields": {
            "action_time": "2019-12-09T18:48:26.977Z",
            "user": 2,
            "content_type": 7,
            "object_id": "91",
            "object_repr": "Nancy BERGMANN",
            "action_flag": 3,
            "change_message": ""
        }
    },
    {
        "model": "admin.logentry",
        "pk": 115,
        "fields": {
            "action_time": "2019-12-09T18:48:26.978Z",
            "user": 2,
            "content_type": 7,
            "object_id": "90",
            "object_repr": "Roger TURTON",
            "action_flag": 3,
            "change_message": ""
        }
    },
    {
        "model": "admin.logentry",
        "pk": 116,
        "fields": {
            "action_time": "2019-12-09T18:48:26.978Z",
            "user": 2,
            "content_type": 7,
            "object_id": "89",
            "object_repr": "Sylvie Guerinel",
            "action_flag": 3,
            "change_message": ""
        }
    },
    {
        "model": "admin.logentry",
        "pk": 117,
        "fields": {
            "action_time": "2019-12-09T18:48:26.979Z",
            "user": 2,
            "content_type": 7,
            "object_id": "88",
            "object_repr": "Sandra FRAN\u00c7OIS",
            "action_flag": 3,
            "change_message": ""
        }
    },
    {
        "model": "admin.logentry",
        "pk": 118,
        "fields": {
            "action_time": "2019-12-09T18:48:26.979Z",
            "user": 2,
            "content_type": 7,
            "object_id": "87",
            "object_repr": "Felicelice Gerardo Catapano",
            "action_flag": 3,
            "change_message": ""
        }
    },
    {
        "model": "admin.logentry",
        "pk": 119,
        "fields": {
            "action_time": "2019-12-09T18:48:26.980Z",
            "user": 2,
            "content_type": 7,
            "object_id": "86",
            "object_repr": "David Nieto Lopez",
            "action_flag": 3,
            "change_message": ""
        }
    },
    {
        "model": "admin.logentry",
        "pk": 120,
        "fields": {
            "action_time": "2019-12-09T18:48:26.980Z",
            "user": 2,
            "content_type": 7,
            "object_id": "85",
            "object_repr": "Nathalie DURAND",
            "action_flag": 3,
            "change_message": ""
        }
    },
    {
        "model": "admin.logentry",
        "pk": 121,
        "fields": {
            "action_time": "2019-12-09T18:48:26.981Z",
            "user": 2,
            "content_type": 7,
            "object_id": "84",
            "object_repr": "Marie Christine Demontmarin",
            "action_flag": 3,
            "change_message": ""
        }
    },
    {
        "model": "admin.logentry",
        "pk": 122,
        "fields": {
            "action_time": "2019-12-09T18:48:26.981Z",
            "user": 2,
            "content_type": 7,
            "object_id": "83",
            "object_repr": "J-F TERRAL",
            "action_flag": 3,
            "change_message": ""
        }
    },
    {
        "model": "admin.logentry",
        "pk": 123,
        "fields": {
            "action_time": "2019-12-09T18:48:26.982Z",
            "user": 2,
            "content_type": 7,
            "object_id": "82",
            "object_repr": "Rimma RYBARIKOVA",
            "action_flag": 3,
            "change_message": ""
        }
    },
    {
        "model": "admin.logentry",
        "pk": 124,
        "fields": {
            "action_time": "2019-12-09T18:48:26.982Z",
            "user": 2,
            "content_type": 7,
            "object_id": "81",
            "object_repr": "Ferm\u00e9",
            "action_flag": 3,
            "change_message": ""
        }
    },
    {
        "model": "admin.logentry",
        "pk": 125,
        "fields": {
            "action_time": "2019-12-09T18:48:26.983Z",
            "user": 2,
            "content_type": 7,
            "object_id": "80",
            "object_repr": "VillaFleurie ferm\u00e9e",
            "action_flag": 3,
            "change_message": ""
        }
    },
    {
        "model": "admin.logentry",
        "pk": 126,
        "fields": {
            "action_time": "2019-12-09T18:48:26.985Z",
            "user": 2,
            "content_type": 7,
            "object_id": "79",
            "object_repr": "Le Corre",
            "action_flag": 3,
            "change_message": ""
        }
    },
    {
        "model": "admin.logentry",
        "pk": 127,
        "fields": {
            "action_time": "2019-12-09T18:48:26.991Z",
            "user": 2,
            "content_type": 7,
            "object_id": "78",
            "object_repr": "Teresa Nuzzi",
            "action_flag": 3,
            "change_message": ""
        }
    },
    {
        "model": "admin.logentry",
        "pk": 128,
        "fields": {
            "action_time": "2019-12-09T18:48:26.992Z",
            "user": 2,
            "content_type": 7,
            "object_id": "77",
            "object_repr": "Andrei KOLPAKCHI",
            "action_flag": 3,
            "change_message": ""
        }
    },
    {
        "model": "admin.logentry",
        "pk": 129,
        "fields": {
            "action_time": "2019-12-09T18:48:26.996Z",
            "user": 2,
            "content_type": 7,
            "object_id": "76",
            "object_repr": "Igor Semenov",
            "action_flag": 3,
            "change_message": ""
        }
    },
    {
        "model": "admin.logentry",
        "pk": 130,
        "fields": {
            "action_time": "2019-12-09T18:48:26.997Z",
            "user": 2,
            "content_type": 7,
            "object_id": "75",
            "object_repr": "Virginia Noguera Lopez ",
            "action_flag": 3,
            "change_message": ""
        }
    },
    {
        "model": "admin.logentry",
        "pk": 131,
        "fields": {
            "action_time": "2019-12-09T18:48:26.998Z",
            "user": 2,
            "content_type": 7,
            "object_id": "74",
            "object_repr": "VillaFleurie ferm\u00e9e",
            "action_flag": 3,
            "change_message": ""
        }
    },
    {
        "model": "admin.logentry",
        "pk": 132,
        "fields": {
            "action_time": "2019-12-09T18:48:26.998Z",
            "user": 2,
            "content_type": 7,
            "object_id": "73",
            "object_repr": "Nancy BERGMANN",
            "action_flag": 3,
            "change_message": ""
        }
    },
    {
        "model": "admin.logentry",
        "pk": 133,
        "fields": {
            "action_time": "2019-12-09T18:48:26.999Z",
            "user": 2,
            "content_type": 7,
            "object_id": "72",
            "object_repr": "Roger TURTON",
            "action_flag": 3,
            "change_message": ""
        }
    },
    {
        "model": "admin.logentry",
        "pk": 134,
        "fields": {
            "action_time": "2019-12-09T18:48:26.999Z",
            "user": 2,
            "content_type": 7,
            "object_id": "71",
            "object_repr": "Sylvie Guerinel",
            "action_flag": 3,
            "change_message": ""
        }
    },
    {
        "model": "admin.logentry",
        "pk": 135,
        "fields": {
            "action_time": "2019-12-09T18:48:27Z",
            "user": 2,
            "content_type": 7,
            "object_id": "70",
            "object_repr": "Sandra FRAN\u00c7OIS",
            "action_flag": 3,
            "change_message": ""
        }
    },
    {
        "model": "admin.logentry",
        "pk": 136,
        "fields": {
            "action_time": "2019-12-09T18:48:27.001Z",
            "user": 2,
            "content_type": 7,
            "object_id": "69",
            "object_repr": "Felicelice Gerardo Catapano",
            "action_flag": 3,
            "change_message": ""
        }
    },
    {
        "model": "admin.logentry",
        "pk": 137,
        "fields": {
            "action_time": "2019-12-09T18:48:27.005Z",
            "user": 2,
            "content_type": 7,
            "object_id": "68",
            "object_repr": "David Nieto Lopez",
            "action_flag": 3,
            "change_message": ""
        }
    },
    {
        "model": "admin.logentry",
        "pk": 138,
        "fields": {
            "action_time": "2019-12-09T18:48:27.006Z",
            "user": 2,
            "content_type": 7,
            "object_id": "67",
            "object_repr": "Nathalie DURAND",
            "action_flag": 3,
            "change_message": ""
        }
    },
    {
        "model": "admin.logentry",
        "pk": 139,
        "fields": {
            "action_time": "2019-12-09T18:48:27.009Z",
            "user": 2,
            "content_type": 7,
            "object_id": "66",
            "object_repr": "Marie Christine Demontmarin",
            "action_flag": 3,
            "change_message": ""
        }
    },
    {
        "model": "admin.logentry",
        "pk": 140,
        "fields": {
            "action_time": "2019-12-09T18:48:27.010Z",
            "user": 2,
            "content_type": 7,
            "object_id": "65",
            "object_repr": "J-F TERRAL",
            "action_flag": 3,
            "change_message": ""
        }
    },
    {
        "model": "admin.logentry",
        "pk": 141,
        "fields": {
            "action_time": "2019-12-09T18:48:27.011Z",
            "user": 2,
            "content_type": 7,
            "object_id": "64",
            "object_repr": "Rimma RYBARIKOVA",
            "action_flag": 3,
            "change_message": ""
        }
    },
    {
        "model": "admin.logentry",
        "pk": 142,
        "fields": {
            "action_time": "2019-12-09T18:48:27.012Z",
            "user": 2,
            "content_type": 7,
            "object_id": "63",
            "object_repr": "Ferm\u00e9",
            "action_flag": 3,
            "change_message": ""
        }
    },
    {
        "model": "admin.logentry",
        "pk": 143,
        "fields": {
            "action_time": "2019-12-09T18:48:27.012Z",
            "user": 2,
            "content_type": 7,
            "object_id": "62",
            "object_repr": "VillaFleurie ferm\u00e9e",
            "action_flag": 3,
            "change_message": ""
        }
    },
    {
        "model": "admin.logentry",
        "pk": 144,
        "fields": {
            "action_time": "2019-12-09T18:48:27.013Z",
            "user": 2,
            "content_type": 7,
            "object_id": "61",
            "object_repr": "Le Corre",
            "action_flag": 3,
            "change_message": ""
        }
    },
    {
        "model": "admin.logentry",
        "pk": 145,
        "fields": {
            "action_time": "2019-12-09T18:48:27.014Z",
            "user": 2,
            "content_type": 7,
            "object_id": "60",
            "object_repr": "Teresa Nuzzi",
            "action_flag": 3,
            "change_message": ""
        }
    },
    {
        "model": "admin.logentry",
        "pk": 146,
        "fields": {
            "action_time": "2019-12-09T18:48:27.015Z",
            "user": 2,
            "content_type": 7,
            "object_id": "59",
            "object_repr": "Andrei KOLPAKCHI",
            "action_flag": 3,
            "change_message": ""
        }
    },
    {
        "model": "admin.logentry",
        "pk": 147,
        "fields": {
            "action_time": "2019-12-09T18:48:27.016Z",
            "user": 2,
            "content_type": 7,
            "object_id": "58",
            "object_repr": "Igor Semenov",
            "action_flag": 3,
            "change_message": ""
        }
    },
    {
        "model": "admin.logentry",
        "pk": 148,
        "fields": {
            "action_time": "2019-12-09T18:48:27.017Z",
            "user": 2,
            "content_type": 7,
            "object_id": "57",
            "object_repr": "Virginia Noguera Lopez ",
            "action_flag": 3,
            "change_message": ""
        }
    },
    {
        "model": "admin.logentry",
        "pk": 149,
        "fields": {
            "action_time": "2019-12-09T18:48:27.022Z",
            "user": 2,
            "content_type": 7,
            "object_id": "56",
            "object_repr": "Virginia Noguera Lopez ",
            "action_flag": 3,
            "change_message": ""
        }
    },
    {
        "model": "admin.logentry",
        "pk": 150,
        "fields": {
            "action_time": "2019-12-09T18:48:27.022Z",
            "user": 2,
            "content_type": 7,
            "object_id": "54",
            "object_repr": "Virginia Noguera Lopez ",
            "action_flag": 3,
            "change_message": ""
        }
    },
    {
        "model": "admin.logentry",
        "pk": 151,
        "fields": {
            "action_time": "2019-12-09T19:02:35.774Z",
            "user": 2,
            "content_type": 9,
            "object_id": "147",
            "object_repr": "R\u00e9servation du T3 par VillaFleurie ferm\u00e9e",
            "action_flag": 3,
            "change_message": ""
        }
    },
    {
        "model": "admin.logentry",
        "pk": 152,
        "fields": {
            "action_time": "2019-12-09T19:02:35.777Z",
            "user": 2,
            "content_type": 9,
            "object_id": "146",
            "object_repr": "R\u00e9servation du T3 par Nancy BERGMANN",
            "action_flag": 3,
            "change_message": ""
        }
    },
    {
        "model": "admin.logentry",
        "pk": 153,
        "fields": {
            "action_time": "2019-12-09T19:02:35.778Z",
            "user": 2,
            "content_type": 9,
            "object_id": "145",
            "object_repr": "R\u00e9servation du T3 par Roger TURTON",
            "action_flag": 3,
            "change_message": ""
        }
    },
    {
        "model": "admin.logentry",
        "pk": 154,
        "fields": {
            "action_time": "2019-12-09T19:02:35.779Z",
            "user": 2,
            "content_type": 9,
            "object_id": "144",
            "object_repr": "R\u00e9servation du T3 par Sylvie Guerinel",
            "action_flag": 3,
            "change_message": ""
        }
    },
    {
        "model": "admin.logentry",
        "pk": 155,
        "fields": {
            "action_time": "2019-12-09T19:02:35.779Z",
            "user": 2,
            "content_type": 9,
            "object_id": "143",
            "object_repr": "R\u00e9servation du T3 par Sandra FRAN\u00c7OIS",
            "action_flag": 3,
            "change_message": ""
        }
    },
    {
        "model": "admin.logentry",
        "pk": 156,
        "fields": {
            "action_time": "2019-12-09T19:02:35.780Z",
            "user": 2,
            "content_type": 9,
            "object_id": "142",
            "object_repr": "R\u00e9servation du T3 par Felicelice Gerardo Catapano",
            "action_flag": 3,
            "change_message": ""
        }
    },
    {
        "model": "admin.logentry",
        "pk": 157,
        "fields": {
            "action_time": "2019-12-09T19:02:35.780Z",
            "user": 2,
            "content_type": 9,
            "object_id": "141",
            "object_repr": "R\u00e9servation du T3 par David Nieto Lopez",
            "action_flag": 3,
            "change_message": ""
        }
    },
    {
        "model": "admin.logentry",
        "pk": 158,
        "fields": {
            "action_time": "2019-12-09T19:02:35.781Z",
            "user": 2,
            "content_type": 9,
            "object_id": "140",
            "object_repr": "R\u00e9servation du T3 par Nathalie DURAND",
            "action_flag": 3,
            "change_message": ""
        }
    },
    {
        "model": "admin.logentry",
        "pk": 159,
        "fields": {
            "action_time": "2019-12-09T19:02:35.782Z",
            "user": 2,
            "content_type": 9,
            "object_id": "139",
            "object_repr": "R\u00e9servation du T3 par Marie Christine Demontmarin",
            "action_flag": 3,
            "change_message": ""
        }
    },
    {
        "model": "admin.logentry",
        "pk": 160,
        "fields": {
            "action_time": "2019-12-09T19:02:35.782Z",
            "user": 2,
            "content_type": 9,
            "object_id": "138",
            "object_repr": "R\u00e9servation du T3 par J-F TERRAL",
            "action_flag": 3,
            "change_message": ""
        }
    },
    {
        "model": "admin.logentry",
        "pk": 161,
        "fields": {
            "action_time": "2019-12-09T19:02:35.783Z",
            "user": 2,
            "content_type": 9,
            "object_id": "137",
            "object_repr": "R\u00e9servation du T3 par Rimma RYBARIKOVA",
            "action_flag": 3,
            "change_message": ""
        }
    },
    {
        "model": "admin.logentry",
        "pk": 162,
        "fields": {
            "action_time": "2019-12-09T19:02:35.783Z",
            "user": 2,
            "content_type": 9,
            "object_id": "136",
            "object_repr": "R\u00e9servation du T3 par Ferm\u00e9",
            "action_flag": 3,
            "change_message": ""
        }
    },
    {
        "model": "admin.logentry",
        "pk": 163,
        "fields": {
            "action_time": "2019-12-09T19:02:35.784Z",
            "user": 2,
            "content_type": 9,
            "object_id": "135",
            "object_repr": "R\u00e9servation du T2 par VillaFleurie ferm\u00e9e",
            "action_flag": 3,
            "change_message": ""
        }
    },
    {
        "model": "admin.logentry",
        "pk": 164,
        "fields": {
            "action_time": "2019-12-09T19:02:35.784Z",
            "user": 2,
            "content_type": 9,
            "object_id": "134",
            "object_repr": "R\u00e9servation du T2 par Le Corre",
            "action_flag": 3,
            "change_message": ""
        }
    },
    {
        "model": "admin.logentry",
        "pk": 165,
        "fields": {
            "action_time": "2019-12-09T19:02:35.785Z",
            "user": 2,
            "content_type": 9,
            "object_id": "133",
            "object_repr": "R\u00e9servation du T2 par Teresa Nuzzi",
            "action_flag": 3,
            "change_message": ""
        }
    },
    {
        "model": "admin.logentry",
        "pk": 166,
        "fields": {
            "action_time": "2019-12-09T19:02:35.785Z",
            "user": 2,
            "content_type": 9,
            "object_id": "132",
            "object_repr": "R\u00e9servation du T2 par Andrei KOLPAKCHI",
            "action_flag": 3,
            "change_message": ""
        }
    },
    {
        "model": "admin.logentry",
        "pk": 167,
        "fields": {
            "action_time": "2019-12-09T19:02:35.786Z",
            "user": 2,
            "content_type": 9,
            "object_id": "131",
            "object_repr": "R\u00e9servation du T2 par Igor Semenov",
            "action_flag": 3,
            "change_message": ""
        }
    },
    {
        "model": "admin.logentry",
        "pk": 168,
        "fields": {
            "action_time": "2019-12-09T19:02:35.786Z",
            "user": 2,
            "content_type": 9,
            "object_id": "130",
            "object_repr": "R\u00e9servation du T2 par Virginia Noguera Lopez ",
            "action_flag": 3,
            "change_message": ""
        }
    },
    {
        "model": "admin.logentry",
        "pk": 169,
        "fields": {
            "action_time": "2019-12-09T19:02:35.787Z",
            "user": 2,
            "content_type": 9,
            "object_id": "129",
            "object_repr": "R\u00e9servation du T3 par VillaFleurie ferm\u00e9e",
            "action_flag": 3,
            "change_message": ""
        }
    },
    {
        "model": "admin.logentry",
        "pk": 170,
        "fields": {
            "action_time": "2019-12-09T19:02:35.787Z",
            "user": 2,
            "content_type": 9,
            "object_id": "128",
            "object_repr": "R\u00e9servation du T3 par Nancy BERGMANN",
            "action_flag": 3,
            "change_message": ""
        }
    },
    {
        "model": "admin.logentry",
        "pk": 171,
        "fields": {
            "action_time": "2019-12-09T19:02:35.788Z",
            "user": 2,
            "content_type": 9,
            "object_id": "127",
            "object_repr": "R\u00e9servation du T3 par Roger TURTON",
            "action_flag": 3,
            "change_message": ""
        }
    },
    {
        "model": "admin.logentry",
        "pk": 172,
        "fields": {
            "action_time": "2019-12-09T19:02:35.789Z",
            "user": 2,
            "content_type": 9,
            "object_id": "126",
            "object_repr": "R\u00e9servation du T3 par Sylvie Guerinel",
            "action_flag": 3,
            "change_message": ""
        }
    },
    {
        "model": "admin.logentry",
        "pk": 173,
        "fields": {
            "action_time": "2019-12-09T19:02:35.792Z",
            "user": 2,
            "content_type": 9,
            "object_id": "125",
            "object_repr": "R\u00e9servation du T3 par Sandra FRAN\u00c7OIS",
            "action_flag": 3,
            "change_message": ""
        }
    },
    {
        "model": "admin.logentry",
        "pk": 174,
        "fields": {
            "action_time": "2019-12-09T19:02:35.793Z",
            "user": 2,
            "content_type": 9,
            "object_id": "124",
            "object_repr": "R\u00e9servation du T3 par Felicelice Gerardo Catapano",
            "action_flag": 3,
            "change_message": ""
        }
    },
    {
        "model": "admin.logentry",
        "pk": 175,
        "fields": {
            "action_time": "2019-12-09T19:02:35.794Z",
            "user": 2,
            "content_type": 9,
            "object_id": "123",
            "object_repr": "R\u00e9servation du T3 par David Nieto Lopez",
            "action_flag": 3,
            "change_message": ""
        }
    },
    {
        "model": "admin.logentry",
        "pk": 176,
        "fields": {
            "action_time": "2019-12-09T19:02:35.794Z",
            "user": 2,
            "content_type": 9,
            "object_id": "122",
            "object_repr": "R\u00e9servation du T3 par Nathalie DURAND",
            "action_flag": 3,
            "change_message": ""
        }
    },
    {
        "model": "admin.logentry",
        "pk": 177,
        "fields": {
            "action_time": "2019-12-09T19:02:35.795Z",
            "user": 2,
            "content_type": 9,
            "object_id": "121",
            "object_repr": "R\u00e9servation du T3 par Marie Christine Demontmarin",
            "action_flag": 3,
            "change_message": ""
        }
    },
    {
        "model": "admin.logentry",
        "pk": 178,
        "fields": {
            "action_time": "2019-12-09T19:02:35.795Z",
            "user": 2,
            "content_type": 9,
            "object_id": "120",
            "object_repr": "R\u00e9servation du T3 par J-F TERRAL",
            "action_flag": 3,
            "change_message": ""
        }
    },
    {
        "model": "admin.logentry",
        "pk": 179,
        "fields": {
            "action_time": "2019-12-09T19:02:35.796Z",
            "user": 2,
            "content_type": 9,
            "object_id": "119",
            "object_repr": "R\u00e9servation du T3 par Rimma RYBARIKOVA",
            "action_flag": 3,
            "change_message": ""
        }
    },
    {
        "model": "admin.logentry",
        "pk": 180,
        "fields": {
            "action_time": "2019-12-09T19:02:35.796Z",
            "user": 2,
            "content_type": 9,
            "object_id": "118",
            "object_repr": "R\u00e9servation du T3 par Ferm\u00e9",
            "action_flag": 3,
            "change_message": ""
        }
    },
    {
        "model": "admin.logentry",
        "pk": 181,
        "fields": {
            "action_time": "2019-12-09T19:02:35.797Z",
            "user": 2,
            "content_type": 9,
            "object_id": "117",
            "object_repr": "R\u00e9servation du T2 par VillaFleurie ferm\u00e9e",
            "action_flag": 3,
            "change_message": ""
        }
    },
    {
        "model": "admin.logentry",
        "pk": 182,
        "fields": {
            "action_time": "2019-12-09T19:02:35.797Z",
            "user": 2,
            "content_type": 9,
            "object_id": "116",
            "object_repr": "R\u00e9servation du T2 par Le Corre",
            "action_flag": 3,
            "change_message": ""
        }
    },
    {
        "model": "admin.logentry",
        "pk": 183,
        "fields": {
            "action_time": "2019-12-09T19:02:35.798Z",
            "user": 2,
            "content_type": 9,
            "object_id": "115",
            "object_repr": "R\u00e9servation du T2 par Teresa Nuzzi",
            "action_flag": 3,
            "change_message": ""
        }
    },
    {
        "model": "admin.logentry",
        "pk": 184,
        "fields": {
            "action_time": "2019-12-09T19:02:35.799Z",
            "user": 2,
            "content_type": 9,
            "object_id": "114",
            "object_repr": "R\u00e9servation du T2 par Andrei KOLPAKCHI",
            "action_flag": 3,
            "change_message": ""
        }
    },
    {
        "model": "admin.logentry",
        "pk": 185,
        "fields": {
            "action_time": "2019-12-09T19:02:35.799Z",
            "user": 2,
            "content_type": 9,
            "object_id": "113",
            "object_repr": "R\u00e9servation du T2 par Igor Semenov",
            "action_flag": 3,
            "change_message": ""
        }
    },
    {
        "model": "admin.logentry",
        "pk": 186,
        "fields": {
            "action_time": "2019-12-09T19:02:35.800Z",
            "user": 2,
            "content_type": 9,
            "object_id": "112",
            "object_repr": "R\u00e9servation du T2 par Virginia Noguera Lopez ",
            "action_flag": 3,
            "change_message": ""
        }
    },
    {
        "model": "admin.logentry",
        "pk": 187,
        "fields": {
            "action_time": "2019-12-09T19:02:46.517Z",
            "user": 2,
            "content_type": 7,
            "object_id": "128",
            "object_repr": "VillaFleurie ferm\u00e9e",
            "action_flag": 3,
            "change_message": ""
        }
    },
    {
        "model": "admin.logentry",
        "pk": 188,
        "fields": {
            "action_time": "2019-12-09T19:02:46.519Z",
            "user": 2,
            "content_type": 7,
            "object_id": "127",
            "object_repr": "Nancy BERGMANN",
            "action_flag": 3,
            "change_message": ""
        }
    },
    {
        "model": "admin.logentry",
        "pk": 189,
        "fields": {
            "action_time": "2019-12-09T19:02:46.520Z",
            "user": 2,
            "content_type": 7,
            "object_id": "126",
            "object_repr": "Roger TURTON",
            "action_flag": 3,
            "change_message": ""
        }
    },
    {
        "model": "admin.logentry",
        "pk": 190,
        "fields": {
            "action_time": "2019-12-09T19:02:46.520Z",
            "user": 2,
            "content_type": 7,
            "object_id": "125",
            "object_repr": "Sylvie Guerinel",
            "action_flag": 3,
            "change_message": ""
        }
    },
    {
        "model": "admin.logentry",
        "pk": 191,
        "fields": {
            "action_time": "2019-12-09T19:02:46.521Z",
            "user": 2,
            "content_type": 7,
            "object_id": "124",
            "object_repr": "Sandra FRAN\u00c7OIS",
            "action_flag": 3,
            "change_message": ""
        }
    },
    {
        "model": "admin.logentry",
        "pk": 192,
        "fields": {
            "action_time": "2019-12-09T19:02:46.522Z",
            "user": 2,
            "content_type": 7,
            "object_id": "123",
            "object_repr": "Felicelice Gerardo Catapano",
            "action_flag": 3,
            "change_message": ""
        }
    },
    {
        "model": "admin.logentry",
        "pk": 193,
        "fields": {
            "action_time": "2019-12-09T19:02:46.522Z",
            "user": 2,
            "content_type": 7,
            "object_id": "122",
            "object_repr": "David Nieto Lopez",
            "action_flag": 3,
            "change_message": ""
        }
    },
    {
        "model": "admin.logentry",
        "pk": 194,
        "fields": {
            "action_time": "2019-12-09T19:02:46.523Z",
            "user": 2,
            "content_type": 7,
            "object_id": "121",
            "object_repr": "Nathalie DURAND",
            "action_flag": 3,
            "change_message": ""
        }
    },
    {
        "model": "admin.logentry",
        "pk": 195,
        "fields": {
            "action_time": "2019-12-09T19:02:46.523Z",
            "user": 2,
            "content_type": 7,
            "object_id": "120",
            "object_repr": "Marie Christine Demontmarin",
            "action_flag": 3,
            "change_message": ""
        }
    },
    {
        "model": "admin.logentry",
        "pk": 196,
        "fields": {
            "action_time": "2019-12-09T19:02:46.524Z",
            "user": 2,
            "content_type": 7,
            "object_id": "119",
            "object_repr": "J-F TERRAL",
            "action_flag": 3,
            "change_message": ""
        }
    },
    {
        "model": "admin.logentry",
        "pk": 197,
        "fields": {
            "action_time": "2019-12-09T19:02:46.525Z",
            "user": 2,
            "content_type": 7,
            "object_id": "118",
            "object_repr": "Rimma RYBARIKOVA",
            "action_flag": 3,
            "change_message": ""
        }
    },
    {
        "model": "admin.logentry",
        "pk": 198,
        "fields": {
            "action_time": "2019-12-09T19:02:46.525Z",
            "user": 2,
            "content_type": 7,
            "object_id": "117",
            "object_repr": "Ferm\u00e9",
            "action_flag": 3,
            "change_message": ""
        }
    },
    {
        "model": "admin.logentry",
        "pk": 199,
        "fields": {
            "action_time": "2019-12-09T19:02:46.526Z",
            "user": 2,
            "content_type": 7,
            "object_id": "116",
            "object_repr": "VillaFleurie ferm\u00e9e",
            "action_flag": 3,
            "change_message": ""
        }
    },
    {
        "model": "admin.logentry",
        "pk": 200,
        "fields": {
            "action_time": "2019-12-09T19:02:46.527Z",
            "user": 2,
            "content_type": 7,
            "object_id": "115",
            "object_repr": "Le Corre",
            "action_flag": 3,
            "change_message": ""
        }
    },
    {
        "model": "admin.logentry",
        "pk": 201,
        "fields": {
            "action_time": "2019-12-09T19:02:46.528Z",
            "user": 2,
            "content_type": 7,
            "object_id": "114",
            "object_repr": "Teresa Nuzzi",
            "action_flag": 3,
            "change_message": ""
        }
    },
    {
        "model": "admin.logentry",
        "pk": 202,
        "fields": {
            "action_time": "2019-12-09T19:02:46.529Z",
            "user": 2,
            "content_type": 7,
            "object_id": "113",
            "object_repr": "Andrei KOLPAKCHI",
            "action_flag": 3,
            "change_message": ""
        }
    },
    {
        "model": "admin.logentry",
        "pk": 203,
        "fields": {
            "action_time": "2019-12-09T19:02:46.529Z",
            "user": 2,
            "content_type": 7,
            "object_id": "112",
            "object_repr": "Igor Semenov",
            "action_flag": 3,
            "change_message": ""
        }
    },
    {
        "model": "admin.logentry",
        "pk": 204,
        "fields": {
            "action_time": "2019-12-09T19:02:46.530Z",
            "user": 2,
            "content_type": 7,
            "object_id": "111",
            "object_repr": "Virginia Noguera Lopez ",
            "action_flag": 3,
            "change_message": ""
        }
    },
    {
        "model": "admin.logentry",
        "pk": 205,
        "fields": {
            "action_time": "2019-12-09T19:02:46.531Z",
            "user": 2,
            "content_type": 7,
            "object_id": "110",
            "object_repr": "VillaFleurie ferm\u00e9e",
            "action_flag": 3,
            "change_message": ""
        }
    },
    {
        "model": "admin.logentry",
        "pk": 206,
        "fields": {
            "action_time": "2019-12-09T19:02:46.532Z",
            "user": 2,
            "content_type": 7,
            "object_id": "109",
            "object_repr": "Nancy BERGMANN",
            "action_flag": 3,
            "change_message": ""
        }
    },
    {
        "model": "admin.logentry",
        "pk": 207,
        "fields": {
            "action_time": "2019-12-09T19:02:46.532Z",
            "user": 2,
            "content_type": 7,
            "object_id": "108",
            "object_repr": "Roger TURTON",
            "action_flag": 3,
            "change_message": ""
        }
    },
    {
        "model": "admin.logentry",
        "pk": 208,
        "fields": {
            "action_time": "2019-12-09T19:02:46.533Z",
            "user": 2,
            "content_type": 7,
            "object_id": "107",
            "object_repr": "Sylvie Guerinel",
            "action_flag": 3,
            "change_message": ""
        }
    },
    {
        "model": "admin.logentry",
        "pk": 209,
        "fields": {
            "action_time": "2019-12-09T19:02:46.534Z",
            "user": 2,
            "content_type": 7,
            "object_id": "106",
            "object_repr": "Sandra FRAN\u00c7OIS",
            "action_flag": 3,
            "change_message": ""
        }
    },
    {
        "model": "admin.logentry",
        "pk": 210,
        "fields": {
            "action_time": "2019-12-09T19:02:46.535Z",
            "user": 2,
            "content_type": 7,
            "object_id": "105",
            "object_repr": "Felicelice Gerardo Catapano",
            "action_flag": 3,
            "change_message": ""
        }
    },
    {
        "model": "admin.logentry",
        "pk": 211,
        "fields": {
            "action_time": "2019-12-09T19:02:46.536Z",
            "user": 2,
            "content_type": 7,
            "object_id": "104",
            "object_repr": "David Nieto Lopez",
            "action_flag": 3,
            "change_message": ""
        }
    },
    {
        "model": "admin.logentry",
        "pk": 212,
        "fields": {
            "action_time": "2019-12-09T19:02:46.536Z",
            "user": 2,
            "content_type": 7,
            "object_id": "103",
            "object_repr": "Nathalie DURAND",
            "action_flag": 3,
            "change_message": ""
        }
    },
    {
        "model": "admin.logentry",
        "pk": 213,
        "fields": {
            "action_time": "2019-12-09T19:02:46.537Z",
            "user": 2,
            "content_type": 7,
            "object_id": "102",
            "object_repr": "Marie Christine Demontmarin",
            "action_flag": 3,
            "change_message": ""
        }
    },
    {
        "model": "admin.logentry",
        "pk": 214,
        "fields": {
            "action_time": "2019-12-09T19:02:46.538Z",
            "user": 2,
            "content_type": 7,
            "object_id": "101",
            "object_repr": "J-F TERRAL",
            "action_flag": 3,
            "change_message": ""
        }
    },
    {
        "model": "admin.logentry",
        "pk": 215,
        "fields": {
            "action_time": "2019-12-09T19:02:46.539Z",
            "user": 2,
            "content_type": 7,
            "object_id": "100",
            "object_repr": "Rimma RYBARIKOVA",
            "action_flag": 3,
            "change_message": ""
        }
    },
    {
        "model": "admin.logentry",
        "pk": 216,
        "fields": {
            "action_time": "2019-12-09T19:02:46.540Z",
            "user": 2,
            "content_type": 7,
            "object_id": "99",
            "object_repr": "Ferm\u00e9",
            "action_flag": 3,
            "change_message": ""
        }
    },
    {
        "model": "admin.logentry",
        "pk": 217,
        "fields": {
            "action_time": "2019-12-09T19:02:46.541Z",
            "user": 2,
            "content_type": 7,
            "object_id": "98",
            "object_repr": "VillaFleurie ferm\u00e9e",
            "action_flag": 3,
            "change_message": ""
        }
    },
    {
        "model": "admin.logentry",
        "pk": 218,
        "fields": {
            "action_time": "2019-12-09T19:02:46.542Z",
            "user": 2,
            "content_type": 7,
            "object_id": "97",
            "object_repr": "Le Corre",
            "action_flag": 3,
            "change_message": ""
        }
    },
    {
        "model": "admin.logentry",
        "pk": 219,
        "fields": {
            "action_time": "2019-12-09T19:02:46.542Z",
            "user": 2,
            "content_type": 7,
            "object_id": "96",
            "object_repr": "Teresa Nuzzi",
            "action_flag": 3,
            "change_message": ""
        }
    },
    {
        "model": "admin.logentry",
        "pk": 220,
        "fields": {
            "action_time": "2019-12-09T19:02:46.543Z",
            "user": 2,
            "content_type": 7,
            "object_id": "95",
            "object_repr": "Andrei KOLPAKCHI",
            "action_flag": 3,
            "change_message": ""
        }
    },
    {
        "model": "admin.logentry",
        "pk": 221,
        "fields": {
            "action_time": "2019-12-09T19:02:46.543Z",
            "user": 2,
            "content_type": 7,
            "object_id": "94",
            "object_repr": "Igor Semenov",
            "action_flag": 3,
            "change_message": ""
        }
    },
    {
        "model": "admin.logentry",
        "pk": 222,
        "fields": {
            "action_time": "2019-12-09T19:02:46.544Z",
            "user": 2,
            "content_type": 7,
            "object_id": "93",
            "object_repr": "Virginia Noguera Lopez ",
            "action_flag": 3,
            "change_message": ""
        }
    },
    {
        "model": "admin.logentry",
        "pk": 223,
        "fields": {
            "action_time": "2019-12-09T19:12:03.483Z",
            "user": 2,
            "content_type": 7,
            "object_id": "145",
            "object_repr": "Nancy BERGMANN",
            "action_flag": 3,
            "change_message": ""
        }
    },
    {
        "model": "admin.logentry",
        "pk": 224,
        "fields": {
            "action_time": "2019-12-09T19:12:03.487Z",
            "user": 2,
            "content_type": 7,
            "object_id": "144",
            "object_repr": "Roger TURTON",
            "action_flag": 3,
            "change_message": ""
        }
    },
    {
        "model": "admin.logentry",
        "pk": 225,
        "fields": {
            "action_time": "2019-12-09T19:12:03.488Z",
            "user": 2,
            "content_type": 7,
            "object_id": "143",
            "object_repr": "Sylvie Guerinel",
            "action_flag": 3,
            "change_message": ""
        }
    },
    {
        "model": "admin.logentry",
        "pk": 226,
        "fields": {
            "action_time": "2019-12-09T19:12:03.489Z",
            "user": 2,
            "content_type": 7,
            "object_id": "142",
            "object_repr": "Sandra FRAN\u00c7OIS",
            "action_flag": 3,
            "change_message": ""
        }
    },
    {
        "model": "admin.logentry",
        "pk": 227,
        "fields": {
            "action_time": "2019-12-09T19:12:03.489Z",
            "user": 2,
            "content_type": 7,
            "object_id": "141",
            "object_repr": "Felicelice Gerardo Catapano",
            "action_flag": 3,
            "change_message": ""
        }
    },
    {
        "model": "admin.logentry",
        "pk": 228,
        "fields": {
            "action_time": "2019-12-09T19:12:03.490Z",
            "user": 2,
            "content_type": 7,
            "object_id": "140",
            "object_repr": "David Nieto Lopez",
            "action_flag": 3,
            "change_message": ""
        }
    },
    {
        "model": "admin.logentry",
        "pk": 229,
        "fields": {
            "action_time": "2019-12-09T19:12:03.491Z",
            "user": 2,
            "content_type": 7,
            "object_id": "139",
            "object_repr": "Nathalie DURAND",
            "action_flag": 3,
            "change_message": ""
        }
    },
    {
        "model": "admin.logentry",
        "pk": 230,
        "fields": {
            "action_time": "2019-12-09T19:12:03.492Z",
            "user": 2,
            "content_type": 7,
            "object_id": "138",
            "object_repr": "Marie Christine Demontmarin",
            "action_flag": 3,
            "change_message": ""
        }
    },
    {
        "model": "admin.logentry",
        "pk": 231,
        "fields": {
            "action_time": "2019-12-09T19:12:03.492Z",
            "user": 2,
            "content_type": 7,
            "object_id": "137",
            "object_repr": "J-F TERRAL",
            "action_flag": 3,
            "change_message": ""
        }
    },
    {
        "model": "admin.logentry",
        "pk": 232,
        "fields": {
            "action_time": "2019-12-09T19:12:03.493Z",
            "user": 2,
            "content_type": 7,
            "object_id": "136",
            "object_repr": "Rimma RYBARIKOVA",
            "action_flag": 3,
            "change_message": ""
        }
    },
    {
        "model": "admin.logentry",
        "pk": 233,
        "fields": {
            "action_time": "2019-12-09T19:12:03.494Z",
            "user": 2,
            "content_type": 7,
            "object_id": "135",
            "object_repr": "Ferm\u00e9",
            "action_flag": 3,
            "change_message": ""
        }
    },
    {
        "model": "admin.logentry",
        "pk": 234,
        "fields": {
            "action_time": "2019-12-09T19:12:03.495Z",
            "user": 2,
            "content_type": 7,
            "object_id": "134",
            "object_repr": "VillaFleurie ferm\u00e9e",
            "action_flag": 3,
            "change_message": ""
        }
    },
    {
        "model": "admin.logentry",
        "pk": 235,
        "fields": {
            "action_time": "2019-12-09T19:12:03.496Z",
            "user": 2,
            "content_type": 7,
            "object_id": "133",
            "object_repr": "Le Corre",
            "action_flag": 3,
            "change_message": ""
        }
    },
    {
        "model": "admin.logentry",
        "pk": 236,
        "fields": {
            "action_time": "2019-12-09T19:12:03.496Z",
            "user": 2,
            "content_type": 7,
            "object_id": "132",
            "object_repr": "Teresa Nuzzi",
            "action_flag": 3,
            "change_message": ""
        }
    },
    {
        "model": "admin.logentry",
        "pk": 237,
        "fields": {
            "action_time": "2019-12-09T19:12:03.497Z",
            "user": 2,
            "content_type": 7,
            "object_id": "131",
            "object_repr": "Andrei KOLPAKCHI",
            "action_flag": 3,
            "change_message": ""
        }
    },
    {
        "model": "admin.logentry",
        "pk": 238,
        "fields": {
            "action_time": "2019-12-09T19:12:03.498Z",
            "user": 2,
            "content_type": 7,
            "object_id": "130",
            "object_repr": "Igor Semenov",
            "action_flag": 3,
            "change_message": ""
        }
    },
    {
        "model": "admin.logentry",
        "pk": 239,
        "fields": {
            "action_time": "2019-12-09T19:12:03.500Z",
            "user": 2,
            "content_type": 7,
            "object_id": "129",
            "object_repr": "Virginia Noguera Lopez ",
            "action_flag": 3,
            "change_message": ""
        }
    },
    {
        "model": "admin.logentry",
        "pk": 240,
        "fields": {
            "action_time": "2019-12-15T12:11:28.971Z",
            "user": 2,
            "content_type": 9,
            "object_id": "182",
            "object_repr": "R\u00e9servation du T3 par Nancy BERGMANN",
            "action_flag": 3,
            "change_message": ""
        }
    },
    {
        "model": "admin.logentry",
        "pk": 241,
        "fields": {
            "action_time": "2019-12-15T12:11:28.980Z",
            "user": 2,
            "content_type": 9,
            "object_id": "181",
            "object_repr": "R\u00e9servation du T3 par Roger TURTON",
            "action_flag": 3,
            "change_message": ""
        }
    },
    {
        "model": "admin.logentry",
        "pk": 242,
        "fields": {
            "action_time": "2019-12-15T12:11:28.981Z",
            "user": 2,
            "content_type": 9,
            "object_id": "180",
            "object_repr": "R\u00e9servation du T3 par Sylvie Guerinel",
            "action_flag": 3,
            "change_message": ""
        }
    },
    {
        "model": "admin.logentry",
        "pk": 243,
        "fields": {
            "action_time": "2019-12-15T12:11:28.982Z",
            "user": 2,
            "content_type": 9,
            "object_id": "179",
            "object_repr": "R\u00e9servation du T3 par Sandra FRAN\u00c7OIS",
            "action_flag": 3,
            "change_message": ""
        }
    },
    {
        "model": "admin.logentry",
        "pk": 244,
        "fields": {
            "action_time": "2019-12-15T12:11:28.983Z",
            "user": 2,
            "content_type": 9,
            "object_id": "178",
            "object_repr": "R\u00e9servation du T3 par Felicelice Gerardo Catapano",
            "action_flag": 3,
            "change_message": ""
        }
    },
    {
        "model": "admin.logentry",
        "pk": 245,
        "fields": {
            "action_time": "2019-12-15T12:11:28.984Z",
            "user": 2,
            "content_type": 9,
            "object_id": "177",
            "object_repr": "R\u00e9servation du T3 par David Nieto Lopez",
            "action_flag": 3,
            "change_message": ""
        }
    },
    {
        "model": "admin.logentry",
        "pk": 246,
        "fields": {
            "action_time": "2019-12-15T12:11:28.985Z",
            "user": 2,
            "content_type": 9,
            "object_id": "176",
            "object_repr": "R\u00e9servation du T3 par Nathalie DURAND",
            "action_flag": 3,
            "change_message": ""
        }
    },
    {
        "model": "admin.logentry",
        "pk": 247,
        "fields": {
            "action_time": "2019-12-15T12:11:28.986Z",
            "user": 2,
            "content_type": 9,
            "object_id": "175",
            "object_repr": "R\u00e9servation du T3 par Marie Christine Demontmarin",
            "action_flag": 3,
            "change_message": ""
        }
    },
    {
        "model": "admin.logentry",
        "pk": 248,
        "fields": {
            "action_time": "2019-12-15T12:11:28.987Z",
            "user": 2,
            "content_type": 9,
            "object_id": "174",
            "object_repr": "R\u00e9servation du T3 par J-F TERRAL",
            "action_flag": 3,
            "change_message": ""
        }
    },
    {
        "model": "admin.logentry",
        "pk": 249,
        "fields": {
            "action_time": "2019-12-15T12:11:28.987Z",
            "user": 2,
            "content_type": 9,
            "object_id": "173",
            "object_repr": "R\u00e9servation du T3 par Rimma RYBARIKOVA",
            "action_flag": 3,
            "change_message": ""
        }
    },
    {
        "model": "admin.logentry",
        "pk": 250,
        "fields": {
            "action_time": "2019-12-15T12:11:28.988Z",
            "user": 2,
            "content_type": 9,
            "object_id": "172",
            "object_repr": "R\u00e9servation du T2 par VillaFleurie ferm\u00e9e",
            "action_flag": 3,
            "change_message": ""
        }
    },
    {
        "model": "admin.logentry",
        "pk": 251,
        "fields": {
            "action_time": "2019-12-15T12:11:28.989Z",
            "user": 2,
            "content_type": 9,
            "object_id": "171",
            "object_repr": "R\u00e9servation du T2 par Le Corre",
            "action_flag": 3,
            "change_message": ""
        }
    },
    {
        "model": "admin.logentry",
        "pk": 252,
        "fields": {
            "action_time": "2019-12-15T12:11:28.990Z",
            "user": 2,
            "content_type": 9,
            "object_id": "170",
            "object_repr": "R\u00e9servation du T2 par Teresa Nuzzi",
            "action_flag": 3,
            "change_message": ""
        }
    },
    {
        "model": "admin.logentry",
        "pk": 253,
        "fields": {
            "action_time": "2019-12-15T12:11:28.991Z",
            "user": 2,
            "content_type": 9,
            "object_id": "169",
            "object_repr": "R\u00e9servation du T2 par Andrei KOLPAKCHI",
            "action_flag": 3,
            "change_message": ""
        }
    },
    {
        "model": "admin.logentry",
        "pk": 254,
        "fields": {
            "action_time": "2019-12-15T12:11:28.992Z",
            "user": 2,
            "content_type": 9,
            "object_id": "168",
            "object_repr": "R\u00e9servation du T2 par Igor Semenov",
            "action_flag": 3,
            "change_message": ""
        }
    },
    {
        "model": "admin.logentry",
        "pk": 255,
        "fields": {
            "action_time": "2019-12-15T12:11:28.993Z",
            "user": 2,
            "content_type": 9,
            "object_id": "167",
            "object_repr": "R\u00e9servation du T2 par Marisa Ryan",
            "action_flag": 3,
            "change_message": ""
        }
    },
    {
        "model": "admin.logentry",
        "pk": 256,
        "fields": {
            "action_time": "2019-12-15T12:11:28.994Z",
            "user": 2,
            "content_type": 9,
            "object_id": "166",
            "object_repr": "R\u00e9servation du T2 par Ferm\u00e9",
            "action_flag": 3,
            "change_message": ""
        }
    },
    {
        "model": "admin.logentry",
        "pk": 257,
        "fields": {
            "action_time": "2019-12-15T12:11:28.995Z",
            "user": 2,
            "content_type": 9,
            "object_id": "165",
            "object_repr": "R\u00e9servation du T3 par VillaFleurie ferm\u00e9e",
            "action_flag": 3,
            "change_message": ""
        }
    },
    {
        "model": "admin.logentry",
        "pk": 258,
        "fields": {
            "action_time": "2019-12-15T12:11:28.996Z",
            "user": 2,
            "content_type": 9,
            "object_id": "164",
            "object_repr": "R\u00e9servation du T3 par Nancy BERGMANN",
            "action_flag": 3,
            "change_message": ""
        }
    },
    {
        "model": "admin.logentry",
        "pk": 259,
        "fields": {
            "action_time": "2019-12-15T12:11:28.997Z",
            "user": 2,
            "content_type": 9,
            "object_id": "163",
            "object_repr": "R\u00e9servation du T3 par Roger TURTON",
            "action_flag": 3,
            "change_message": ""
        }
    },
    {
        "model": "admin.logentry",
        "pk": 260,
        "fields": {
            "action_time": "2019-12-15T12:11:28.998Z",
            "user": 2,
            "content_type": 9,
            "object_id": "162",
            "object_repr": "R\u00e9servation du T3 par Sylvie Guerinel",
            "action_flag": 3,
            "change_message": ""
        }
    },
    {
        "model": "admin.logentry",
        "pk": 261,
        "fields": {
            "action_time": "2019-12-15T12:11:28.998Z",
            "user": 2,
            "content_type": 9,
            "object_id": "161",
            "object_repr": "R\u00e9servation du T3 par Sandra FRAN\u00c7OIS",
            "action_flag": 3,
            "change_message": ""
        }
    },
    {
        "model": "admin.logentry",
        "pk": 262,
        "fields": {
            "action_time": "2019-12-15T12:11:28.999Z",
            "user": 2,
            "content_type": 9,
            "object_id": "160",
            "object_repr": "R\u00e9servation du T3 par Felicelice Gerardo Catapano",
            "action_flag": 3,
            "change_message": ""
        }
    },
    {
        "model": "admin.logentry",
        "pk": 263,
        "fields": {
            "action_time": "2019-12-15T12:11:29Z",
            "user": 2,
            "content_type": 9,
            "object_id": "159",
            "object_repr": "R\u00e9servation du T3 par David Nieto Lopez",
            "action_flag": 3,
            "change_message": ""
        }
    },
    {
        "model": "admin.logentry",
        "pk": 264,
        "fields": {
            "action_time": "2019-12-15T12:11:29.001Z",
            "user": 2,
            "content_type": 9,
            "object_id": "158",
            "object_repr": "R\u00e9servation du T3 par Nathalie DURAND",
            "action_flag": 3,
            "change_message": ""
        }
    },
    {
        "model": "admin.logentry",
        "pk": 265,
        "fields": {
            "action_time": "2019-12-15T12:11:29.002Z",
            "user": 2,
            "content_type": 9,
            "object_id": "157",
            "object_repr": "R\u00e9servation du T3 par Marie Christine Demontmarin",
            "action_flag": 3,
            "change_message": ""
        }
    },
    {
        "model": "admin.logentry",
        "pk": 266,
        "fields": {
            "action_time": "2019-12-15T12:11:29.003Z",
            "user": 2,
            "content_type": 9,
            "object_id": "156",
            "object_repr": "R\u00e9servation du T3 par J-F TERRAL",
            "action_flag": 3,
            "change_message": ""
        }
    },
    {
        "model": "admin.logentry",
        "pk": 267,
        "fields": {
            "action_time": "2019-12-15T12:11:29.003Z",
            "user": 2,
            "content_type": 9,
            "object_id": "155",
            "object_repr": "R\u00e9servation du T3 par Rimma RYBARIKOVA",
            "action_flag": 3,
            "change_message": ""
        }
    },
    {
        "model": "admin.logentry",
        "pk": 268,
        "fields": {
            "action_time": "2019-12-15T12:11:29.004Z",
            "user": 2,
            "content_type": 9,
            "object_id": "154",
            "object_repr": "R\u00e9servation du T3 par Ferm\u00e9",
            "action_flag": 3,
            "change_message": ""
        }
    },
    {
        "model": "admin.logentry",
        "pk": 269,
        "fields": {
            "action_time": "2019-12-15T12:11:29.005Z",
            "user": 2,
            "content_type": 9,
            "object_id": "153",
            "object_repr": "R\u00e9servation du T2 par VillaFleurie ferm\u00e9e",
            "action_flag": 3,
            "change_message": ""
        }
    },
    {
        "model": "admin.logentry",
        "pk": 270,
        "fields": {
            "action_time": "2019-12-15T12:11:29.005Z",
            "user": 2,
            "content_type": 9,
            "object_id": "152",
            "object_repr": "R\u00e9servation du T2 par Le Corre",
            "action_flag": 3,
            "change_message": ""
        }
    },
    {
        "model": "admin.logentry",
        "pk": 271,
        "fields": {
            "action_time": "2019-12-15T12:11:29.006Z",
            "user": 2,
            "content_type": 9,
            "object_id": "151",
            "object_repr": "R\u00e9servation du T2 par Teresa Nuzzi",
            "action_flag": 3,
            "change_message": ""
        }
    },
    {
        "model": "admin.logentry",
        "pk": 272,
        "fields": {
            "action_time": "2019-12-15T12:11:29.007Z",
            "user": 2,
            "content_type": 9,
            "object_id": "150",
            "object_repr": "R\u00e9servation du T2 par Andrei KOLPAKCHI",
            "action_flag": 3,
            "change_message": ""
        }
    },
    {
        "model": "admin.logentry",
        "pk": 273,
        "fields": {
            "action_time": "2019-12-15T12:11:29.008Z",
            "user": 2,
            "content_type": 9,
            "object_id": "149",
            "object_repr": "R\u00e9servation du T2 par Igor Semenov",
            "action_flag": 3,
            "change_message": ""
        }
    },
    {
        "model": "admin.logentry",
        "pk": 274,
        "fields": {
            "action_time": "2019-12-15T12:11:29.009Z",
            "user": 2,
            "content_type": 9,
            "object_id": "148",
            "object_repr": "R\u00e9servation du T2 par Virginia Noguera Lopez ",
            "action_flag": 3,
            "change_message": ""
        }
    },
    {
        "model": "admin.logentry",
        "pk": 275,
        "fields": {
            "action_time": "2019-12-15T12:13:49.304Z",
            "user": 2,
            "content_type": 9,
            "object_id": "199",
            "object_repr": "R\u00e9servation du T3 par Nancy BERGMANN",
            "action_flag": 3,
            "change_message": ""
        }
    },
    {
        "model": "admin.logentry",
        "pk": 276,
        "fields": {
            "action_time": "2019-12-15T12:13:49.306Z",
            "user": 2,
            "content_type": 9,
            "object_id": "198",
            "object_repr": "R\u00e9servation du T3 par Roger TURTON",
            "action_flag": 3,
            "change_message": ""
        }
    },
    {
        "model": "admin.logentry",
        "pk": 277,
        "fields": {
            "action_time": "2019-12-15T12:13:49.307Z",
            "user": 2,
            "content_type": 9,
            "object_id": "197",
            "object_repr": "R\u00e9servation du T3 par Sylvie Guerinel",
            "action_flag": 3,
            "change_message": ""
        }
    },
    {
        "model": "admin.logentry",
        "pk": 278,
        "fields": {
            "action_time": "2019-12-15T12:13:49.308Z",
            "user": 2,
            "content_type": 9,
            "object_id": "196",
            "object_repr": "R\u00e9servation du T3 par Sandra FRAN\u00c7OIS",
            "action_flag": 3,
            "change_message": ""
        }
    },
    {
        "model": "admin.logentry",
        "pk": 279,
        "fields": {
            "action_time": "2019-12-15T12:13:49.309Z",
            "user": 2,
            "content_type": 9,
            "object_id": "195",
            "object_repr": "R\u00e9servation du T3 par Felicelice Gerardo Catapano",
            "action_flag": 3,
            "change_message": ""
        }
    },
    {
        "model": "admin.logentry",
        "pk": 280,
        "fields": {
            "action_time": "2019-12-15T12:13:49.309Z",
            "user": 2,
            "content_type": 9,
            "object_id": "194",
            "object_repr": "R\u00e9servation du T3 par David Nieto Lopez",
            "action_flag": 3,
            "change_message": ""
        }
    },
    {
        "model": "admin.logentry",
        "pk": 281,
        "fields": {
            "action_time": "2019-12-15T12:13:49.310Z",
            "user": 2,
            "content_type": 9,
            "object_id": "193",
            "object_repr": "R\u00e9servation du T3 par Nathalie DURAND",
            "action_flag": 3,
            "change_message": ""
        }
    },
    {
        "model": "admin.logentry",
        "pk": 282,
        "fields": {
            "action_time": "2019-12-15T12:13:49.310Z",
            "user": 2,
            "content_type": 9,
            "object_id": "192",
            "object_repr": "R\u00e9servation du T3 par Marie Christine Demontmarin",
            "action_flag": 3,
            "change_message": ""
        }
    },
    {
        "model": "admin.logentry",
        "pk": 283,
        "fields": {
            "action_time": "2019-12-15T12:13:49.311Z",
            "user": 2,
            "content_type": 9,
            "object_id": "191",
            "object_repr": "R\u00e9servation du T3 par J-F TERRAL",
            "action_flag": 3,
            "change_message": ""
        }
    },
    {
        "model": "admin.logentry",
        "pk": 284,
        "fields": {
            "action_time": "2019-12-15T12:13:49.312Z",
            "user": 2,
            "content_type": 9,
            "object_id": "190",
            "object_repr": "R\u00e9servation du T3 par Rimma RYBARIKOVA",
            "action_flag": 3,
            "change_message": ""
        }
    },
    {
        "model": "admin.logentry",
        "pk": 285,
        "fields": {
            "action_time": "2019-12-15T12:13:49.312Z",
            "user": 2,
            "content_type": 9,
            "object_id": "189",
            "object_repr": "R\u00e9servation du T2 par VillaFleurie ferm\u00e9e",
            "action_flag": 3,
            "change_message": ""
        }
    },
    {
        "model": "admin.logentry",
        "pk": 286,
        "fields": {
            "action_time": "2019-12-15T12:13:49.313Z",
            "user": 2,
            "content_type": 9,
            "object_id": "188",
            "object_repr": "R\u00e9servation du T2 par Le Corre",
            "action_flag": 3,
            "change_message": ""
        }
    },
    {
        "model": "admin.logentry",
        "pk": 287,
        "fields": {
            "action_time": "2019-12-15T12:13:49.313Z",
            "user": 2,
            "content_type": 9,
            "object_id": "187",
            "object_repr": "R\u00e9servation du T2 par Teresa Nuzzi",
            "action_flag": 3,
            "change_message": ""
        }
    },
    {
        "model": "admin.logentry",
        "pk": 288,
        "fields": {
            "action_time": "2019-12-15T12:13:49.314Z",
            "user": 2,
            "content_type": 9,
            "object_id": "186",
            "object_repr": "R\u00e9servation du T2 par Andrei KOLPAKCHI",
            "action_flag": 3,
            "change_message": ""
        }
    },
    {
        "model": "admin.logentry",
        "pk": 289,
        "fields": {
            "action_time": "2019-12-15T12:13:49.314Z",
            "user": 2,
            "content_type": 9,
            "object_id": "185",
            "object_repr": "R\u00e9servation du T2 par Igor Semenov",
            "action_flag": 3,
            "change_message": ""
        }
    },
    {
        "model": "admin.logentry",
        "pk": 290,
        "fields": {
            "action_time": "2019-12-15T12:13:49.315Z",
            "user": 2,
            "content_type": 9,
            "object_id": "184",
            "object_repr": "R\u00e9servation du T2 par Marisa Ryan",
            "action_flag": 3,
            "change_message": ""
        }
    },
    {
        "model": "admin.logentry",
        "pk": 291,
        "fields": {
            "action_time": "2019-12-15T12:13:49.315Z",
            "user": 2,
            "content_type": 9,
            "object_id": "183",
            "object_repr": "R\u00e9servation du T2 par Ferm\u00e9",
            "action_flag": 3,
            "change_message": ""
        }
    },
    {
        "model": "admin.logentry",
        "pk": 292,
        "fields": {
            "action_time": "2019-12-15T12:31:32.462Z",
            "user": 2,
            "content_type": 9,
            "object_id": "216",
            "object_repr": "R\u00e9servation du T3 par Nancy BERGMANN",
            "action_flag": 3,
            "change_message": ""
        }
    },
    {
        "model": "admin.logentry",
        "pk": 293,
        "fields": {
            "action_time": "2019-12-15T12:31:32.465Z",
            "user": 2,
            "content_type": 9,
            "object_id": "215",
            "object_repr": "R\u00e9servation du T3 par Roger TURTON",
            "action_flag": 3,
            "change_message": ""
        }
    },
    {
        "model": "admin.logentry",
        "pk": 294,
        "fields": {
            "action_time": "2019-12-15T12:31:32.465Z",
            "user": 2,
            "content_type": 9,
            "object_id": "214",
            "object_repr": "R\u00e9servation du T3 par Sylvie Guerinel",
            "action_flag": 3,
            "change_message": ""
        }
    },
    {
        "model": "admin.logentry",
        "pk": 295,
        "fields": {
            "action_time": "2019-12-15T12:31:32.466Z",
            "user": 2,
            "content_type": 9,
            "object_id": "213",
            "object_repr": "R\u00e9servation du T3 par Sandra FRAN\u00c7OIS",
            "action_flag": 3,
            "change_message": ""
        }
    },
    {
        "model": "admin.logentry",
        "pk": 296,
        "fields": {
            "action_time": "2019-12-15T12:31:32.467Z",
            "user": 2,
            "content_type": 9,
            "object_id": "212",
            "object_repr": "R\u00e9servation du T3 par Felicelice Gerardo Catapano",
            "action_flag": 3,
            "change_message": ""
        }
    },
    {
        "model": "admin.logentry",
        "pk": 297,
        "fields": {
            "action_time": "2019-12-15T12:31:32.468Z",
            "user": 2,
            "content_type": 9,
            "object_id": "211",
            "object_repr": "R\u00e9servation du T3 par David Nieto Lopez",
            "action_flag": 3,
            "change_message": ""
        }
    },
    {
        "model": "admin.logentry",
        "pk": 298,
        "fields": {
            "action_time": "2019-12-15T12:31:32.469Z",
            "user": 2,
            "content_type": 9,
            "object_id": "210",
            "object_repr": "R\u00e9servation du T3 par Nathalie DURAND",
            "action_flag": 3,
            "change_message": ""
        }
    },
    {
        "model": "admin.logentry",
        "pk": 299,
        "fields": {
            "action_time": "2019-12-15T12:31:32.470Z",
            "user": 2,
            "content_type": 9,
            "object_id": "209",
            "object_repr": "R\u00e9servation du T3 par Marie Christine Demontmarin",
            "action_flag": 3,
            "change_message": ""
        }
    },
    {
        "model": "admin.logentry",
        "pk": 300,
        "fields": {
            "action_time": "2019-12-15T12:31:32.470Z",
            "user": 2,
            "content_type": 9,
            "object_id": "208",
            "object_repr": "R\u00e9servation du T3 par J-F TERRAL",
            "action_flag": 3,
            "change_message": ""
        }
    },
    {
        "model": "admin.logentry",
        "pk": 301,
        "fields": {
            "action_time": "2019-12-15T12:31:32.471Z",
            "user": 2,
            "content_type": 9,
            "object_id": "207",
            "object_repr": "R\u00e9servation du T3 par Rimma RYBARIKOVA",
            "action_flag": 3,
            "change_message": ""
        }
    },
    {
        "model": "admin.logentry",
        "pk": 302,
        "fields": {
            "action_time": "2019-12-15T12:31:32.471Z",
            "user": 2,
            "content_type": 9,
            "object_id": "206",
            "object_repr": "R\u00e9servation du T2 par VillaFleurie ferm\u00e9e",
            "action_flag": 3,
            "change_message": ""
        }
    },
    {
        "model": "admin.logentry",
        "pk": 303,
        "fields": {
            "action_time": "2019-12-15T12:31:32.472Z",
            "user": 2,
            "content_type": 9,
            "object_id": "205",
            "object_repr": "R\u00e9servation du T2 par Le Corre",
            "action_flag": 3,
            "change_message": ""
        }
    },
    {
        "model": "admin.logentry",
        "pk": 304,
        "fields": {
            "action_time": "2019-12-15T12:31:32.472Z",
            "user": 2,
            "content_type": 9,
            "object_id": "204",
            "object_repr": "R\u00e9servation du T2 par Teresa Nuzzi",
            "action_flag": 3,
            "change_message": ""
        }
    },
    {
        "model": "admin.logentry",
        "pk": 305,
        "fields": {
            "action_time": "2019-12-15T12:31:32.473Z",
            "user": 2,
            "content_type": 9,
            "object_id": "203",
            "object_repr": "R\u00e9servation du T2 par Andrei KOLPAKCHI",
            "action_flag": 3,
            "change_message": ""
        }
    },
    {
        "model": "admin.logentry",
        "pk": 306,
        "fields": {
            "action_time": "2019-12-15T12:31:32.473Z",
            "user": 2,
            "content_type": 9,
            "object_id": "202",
            "object_repr": "R\u00e9servation du T2 par Igor Semenov",
            "action_flag": 3,
            "change_message": ""
        }
    },
    {
        "model": "admin.logentry",
        "pk": 307,
        "fields": {
            "action_time": "2019-12-15T12:31:32.474Z",
            "user": 2,
            "content_type": 9,
            "object_id": "201",
            "object_repr": "R\u00e9servation du T2 par Marisa Ryan",
            "action_flag": 3,
            "change_message": ""
        }
    },
    {
        "model": "admin.logentry",
        "pk": 308,
        "fields": {
            "action_time": "2019-12-15T12:31:32.474Z",
            "user": 2,
            "content_type": 9,
            "object_id": "200",
            "object_repr": "R\u00e9servation du T2 par Ferm\u00e9",
            "action_flag": 3,
            "change_message": ""
        }
    },
    {
        "model": "admin.logentry",
        "pk": 309,
        "fields": {
            "action_time": "2019-12-15T12:31:47.354Z",
            "user": 2,
            "content_type": 7,
            "object_id": "181",
            "object_repr": "Marisa Ryan",
            "action_flag": 3,
            "change_message": ""
        }
    },
    {
        "model": "admin.logentry",
        "pk": 310,
        "fields": {
            "action_time": "2019-12-15T12:31:47.358Z",
            "user": 2,
            "content_type": 7,
            "object_id": "180",
            "object_repr": "VillaFleurie ferm\u00e9e",
            "action_flag": 3,
            "change_message": ""
        }
    },
    {
        "model": "admin.logentry",
        "pk": 311,
        "fields": {
            "action_time": "2019-12-15T12:31:47.359Z",
            "user": 2,
            "content_type": 7,
            "object_id": "179",
            "object_repr": "Nancy BERGMANN",
            "action_flag": 3,
            "change_message": ""
        }
    },
    {
        "model": "admin.logentry",
        "pk": 312,
        "fields": {
            "action_time": "2019-12-15T12:31:47.361Z",
            "user": 2,
            "content_type": 7,
            "object_id": "178",
            "object_repr": "Roger TURTON",
            "action_flag": 3,
            "change_message": ""
        }
    },
    {
        "model": "admin.logentry",
        "pk": 313,
        "fields": {
            "action_time": "2019-12-15T12:31:47.362Z",
            "user": 2,
            "content_type": 7,
            "object_id": "177",
            "object_repr": "Sylvie Guerinel",
            "action_flag": 3,
            "change_message": ""
        }
    },
    {
        "model": "admin.logentry",
        "pk": 314,
        "fields": {
            "action_time": "2019-12-15T12:31:47.363Z",
            "user": 2,
            "content_type": 7,
            "object_id": "176",
            "object_repr": "Sandra FRAN\u00c7OIS",
            "action_flag": 3,
            "change_message": ""
        }
    },
    {
        "model": "admin.logentry",
        "pk": 315,
        "fields": {
            "action_time": "2019-12-15T12:31:47.366Z",
            "user": 2,
            "content_type": 7,
            "object_id": "175",
            "object_repr": "Felicelice Gerardo Catapano",
            "action_flag": 3,
            "change_message": ""
        }
    },
    {
        "model": "admin.logentry",
        "pk": 316,
        "fields": {
            "action_time": "2019-12-15T12:31:47.367Z",
            "user": 2,
            "content_type": 7,
            "object_id": "174",
            "object_repr": "David Nieto Lopez",
            "action_flag": 3,
            "change_message": ""
        }
    },
    {
        "model": "admin.logentry",
        "pk": 317,
        "fields": {
            "action_time": "2019-12-15T12:31:47.369Z",
            "user": 2,
            "content_type": 7,
            "object_id": "173",
            "object_repr": "Nathalie DURAND",
            "action_flag": 3,
            "change_message": ""
        }
    },
    {
        "model": "admin.logentry",
        "pk": 318,
        "fields": {
            "action_time": "2019-12-15T12:31:47.370Z",
            "user": 2,
            "content_type": 7,
            "object_id": "172",
            "object_repr": "Marie Christine Demontmarin",
            "action_flag": 3,
            "change_message": ""
        }
    },
    {
        "model": "admin.logentry",
        "pk": 319,
        "fields": {
            "action_time": "2019-12-15T12:31:47.371Z",
            "user": 2,
            "content_type": 7,
            "object_id": "171",
            "object_repr": "J-F TERRAL",
            "action_flag": 3,
            "change_message": ""
        }
    },
    {
        "model": "admin.logentry",
        "pk": 320,
        "fields": {
            "action_time": "2019-12-15T12:31:47.372Z",
            "user": 2,
            "content_type": 7,
            "object_id": "170",
            "object_repr": "Rimma RYBARIKOVA",
            "action_flag": 3,
            "change_message": ""
        }
    },
    {
        "model": "admin.logentry",
        "pk": 321,
        "fields": {
            "action_time": "2019-12-15T12:31:47.373Z",
            "user": 2,
            "content_type": 7,
            "object_id": "169",
            "object_repr": "Ferm\u00e9",
            "action_flag": 3,
            "change_message": ""
        }
    },
    {
        "model": "admin.logentry",
        "pk": 322,
        "fields": {
            "action_time": "2019-12-15T12:31:47.374Z",
            "user": 2,
            "content_type": 7,
            "object_id": "168",
            "object_repr": "VillaFleurie ferm\u00e9e",
            "action_flag": 3,
            "change_message": ""
        }
    },
    {
        "model": "admin.logentry",
        "pk": 323,
        "fields": {
            "action_time": "2019-12-15T12:31:47.375Z",
            "user": 2,
            "content_type": 7,
            "object_id": "167",
            "object_repr": "Le Corre",
            "action_flag": 3,
            "change_message": ""
        }
    },
    {
        "model": "admin.logentry",
        "pk": 324,
        "fields": {
            "action_time": "2019-12-15T12:31:47.377Z",
            "user": 2,
            "content_type": 7,
            "object_id": "166",
            "object_repr": "Teresa Nuzzi",
            "action_flag": 3,
            "change_message": ""
        }
    },
    {
        "model": "admin.logentry",
        "pk": 325,
        "fields": {
            "action_time": "2019-12-15T12:31:47.378Z",
            "user": 2,
            "content_type": 7,
            "object_id": "165",
            "object_repr": "Andrei KOLPAKCHI",
            "action_flag": 3,
            "change_message": ""
        }
    },
    {
        "model": "admin.logentry",
        "pk": 326,
        "fields": {
            "action_time": "2019-12-15T12:31:47.379Z",
            "user": 2,
            "content_type": 7,
            "object_id": "164",
            "object_repr": "Igor Semenov",
            "action_flag": 3,
            "change_message": ""
        }
    },
    {
        "model": "admin.logentry",
        "pk": 327,
        "fields": {
            "action_time": "2019-12-15T12:31:47.381Z",
            "user": 2,
            "content_type": 7,
            "object_id": "163",
            "object_repr": "Virginia Noguera Lopez ",
            "action_flag": 3,
            "change_message": ""
        }
    },
    {
        "model": "admin.logentry",
        "pk": 328,
        "fields": {
            "action_time": "2019-12-15T12:31:47.382Z",
            "user": 2,
            "content_type": 7,
            "object_id": "162",
            "object_repr": "Nancy BERGMANN",
            "action_flag": 3,
            "change_message": ""
        }
    },
    {
        "model": "admin.logentry",
        "pk": 329,
        "fields": {
            "action_time": "2019-12-15T12:31:47.383Z",
            "user": 2,
            "content_type": 7,
            "object_id": "161",
            "object_repr": "Roger TURTON",
            "action_flag": 3,
            "change_message": ""
        }
    },
    {
        "model": "admin.logentry",
        "pk": 330,
        "fields": {
            "action_time": "2019-12-15T12:31:47.384Z",
            "user": 2,
            "content_type": 7,
            "object_id": "160",
            "object_repr": "Sylvie Guerinel",
            "action_flag": 3,
            "change_message": ""
        }
    },
    {
        "model": "admin.logentry",
        "pk": 331,
        "fields": {
            "action_time": "2019-12-15T12:31:47.385Z",
            "user": 2,
            "content_type": 7,
            "object_id": "159",
            "object_repr": "Sandra FRAN\u00c7OIS",
            "action_flag": 3,
            "change_message": ""
        }
    },
    {
        "model": "admin.logentry",
        "pk": 332,
        "fields": {
            "action_time": "2019-12-15T12:31:47.387Z",
            "user": 2,
            "content_type": 7,
            "object_id": "158",
            "object_repr": "Felicelice Gerardo Catapano",
            "action_flag": 3,
            "change_message": ""
        }
    },
    {
        "model": "admin.logentry",
        "pk": 333,
        "fields": {
            "action_time": "2019-12-15T12:31:47.388Z",
            "user": 2,
            "content_type": 7,
            "object_id": "157",
            "object_repr": "David Nieto Lopez",
            "action_flag": 3,
            "change_message": ""
        }
    },
    {
        "model": "admin.logentry",
        "pk": 334,
        "fields": {
            "action_time": "2019-12-15T12:31:47.389Z",
            "user": 2,
            "content_type": 7,
            "object_id": "156",
            "object_repr": "Nathalie DURAND",
            "action_flag": 3,
            "change_message": ""
        }
    },
    {
        "model": "admin.logentry",
        "pk": 335,
        "fields": {
            "action_time": "2019-12-15T12:31:47.389Z",
            "user": 2,
            "content_type": 7,
            "object_id": "155",
            "object_repr": "Marie Christine Demontmarin",
            "action_flag": 3,
            "change_message": ""
        }
    },
    {
        "model": "admin.logentry",
        "pk": 336,
        "fields": {
            "action_time": "2019-12-15T12:31:47.390Z",
            "user": 2,
            "content_type": 7,
            "object_id": "154",
            "object_repr": "J-F TERRAL",
            "action_flag": 3,
            "change_message": ""
        }
    },
    {
        "model": "admin.logentry",
        "pk": 337,
        "fields": {
            "action_time": "2019-12-15T12:31:47.391Z",
            "user": 2,
            "content_type": 7,
            "object_id": "153",
            "object_repr": "Rimma RYBARIKOVA",
            "action_flag": 3,
            "change_message": ""
        }
    },
    {
        "model": "admin.logentry",
        "pk": 338,
        "fields": {
            "action_time": "2019-12-15T12:31:47.392Z",
            "user": 2,
            "content_type": 7,
            "object_id": "152",
            "object_repr": "Ferm\u00e9",
            "action_flag": 3,
            "change_message": ""
        }
    },
    {
        "model": "admin.logentry",
        "pk": 339,
        "fields": {
            "action_time": "2019-12-15T12:31:47.393Z",
            "user": 2,
            "content_type": 7,
            "object_id": "151",
            "object_repr": "VillaFleurie ferm\u00e9e",
            "action_flag": 3,
            "change_message": ""
        }
    },
    {
        "model": "admin.logentry",
        "pk": 340,
        "fields": {
            "action_time": "2019-12-15T12:31:47.393Z",
            "user": 2,
            "content_type": 7,
            "object_id": "150",
            "object_repr": "Le Corre",
            "action_flag": 3,
            "change_message": ""
        }
    },
    {
        "model": "admin.logentry",
        "pk": 341,
        "fields": {
            "action_time": "2019-12-15T12:31:47.394Z",
            "user": 2,
            "content_type": 7,
            "object_id": "149",
            "object_repr": "Teresa Nuzzi",
            "action_flag": 3,
            "change_message": ""
        }
    },
    {
        "model": "admin.logentry",
        "pk": 342,
        "fields": {
            "action_time": "2019-12-15T12:31:47.395Z",
            "user": 2,
            "content_type": 7,
            "object_id": "148",
            "object_repr": "Andrei KOLPAKCHI",
            "action_flag": 3,
            "change_message": ""
        }
    },
    {
        "model": "admin.logentry",
        "pk": 343,
        "fields": {
            "action_time": "2019-12-15T12:31:47.396Z",
            "user": 2,
            "content_type": 7,
            "object_id": "147",
            "object_repr": "Igor Semenov",
            "action_flag": 3,
            "change_message": ""
        }
    },
    {
        "model": "admin.logentry",
        "pk": 344,
        "fields": {
            "action_time": "2019-12-15T12:31:47.397Z",
            "user": 2,
            "content_type": 7,
            "object_id": "146",
            "object_repr": "Virginia Noguera Lopez ",
            "action_flag": 3,
            "change_message": ""
        }
    },
    {
        "model": "admin.logentry",
        "pk": 345,
        "fields": {
            "action_time": "2019-12-15T13:05:13.537Z",
            "user": 2,
            "content_type": 9,
            "object_id": "250",
            "object_repr": "R\u00e9servation du T3 par Ruidy Nemausat",
            "action_flag": 3,
            "change_message": ""
        }
    },
    {
        "model": "admin.logentry",
        "pk": 346,
        "fields": {
            "action_time": "2019-12-15T13:05:13.539Z",
            "user": 2,
            "content_type": 9,
            "object_id": "239",
            "object_repr": "R\u00e9servation du T2 par Ruidy Nemausat",
            "action_flag": 3,
            "change_message": ""
        }
    },
    {
        "model": "admin.logentry",
        "pk": 347,
        "fields": {
            "action_time": "2019-12-15T13:05:13.541Z",
            "user": 2,
            "content_type": 9,
            "object_id": "238",
            "object_repr": "R\u00e9servation du T2 par Ruidy Nemausat",
            "action_flag": 3,
            "change_message": ""
        }
    },
    {
        "model": "admin.logentry",
        "pk": 348,
        "fields": {
            "action_time": "2019-12-15T13:05:22.415Z",
            "user": 2,
            "content_type": 7,
            "object_id": "202",
            "object_repr": "Ruidy Nemausat",
            "action_flag": 3,
            "change_message": ""
        }
    },
    {
        "model": "admin.logentry",
        "pk": 349,
        "fields": {
            "action_time": "2019-12-16T08:29:08.324Z",
            "user": 2,
            "content_type": 9,
            "object_id": "251",
            "object_repr": "R\u00e9servation du T2 par Ruidy Nemausat",
            "action_flag": 3,
            "change_message": ""
        }
    },
    {
        "model": "admin.logentry",
        "pk": 350,
        "fields": {
            "action_time": "2019-12-16T08:29:29.499Z",
            "user": 2,
            "content_type": 7,
            "object_id": "220",
            "object_repr": "Ruidy Nemausat",
            "action_flag": 3,
            "change_message": ""
        }
    },
    {
        "model": "admin.logentry",
        "pk": 351,
        "fields": {
            "action_time": "2019-12-22T16:14:10.895Z",
            "user": 2,
            "content_type": 8,
            "object_id": "2",
            "object_repr": "T3",
            "action_flag": 2,
            "change_message": "[{\"changed\": {\"fields\": [\"Subname\"]}}]"
        }
    },
    {
        "model": "admin.logentry",
        "pk": 352,
        "fields": {
            "action_time": "2019-12-22T16:14:18.935Z",
            "user": 2,
            "content_type": 8,
            "object_id": "1",
            "object_repr": "T2",
            "action_flag": 2,
            "change_message": "[{\"changed\": {\"fields\": [\"Subname\"]}}]"
        }
    }
]